label,block,sentence
9,–û–±—è–∑–∞–Ω–Ω–æ—Å—Ç–∏,"–ú—ã –∑–∞–Ω–∏–º–∞–µ–º—Å—è —Ä–∞–∑—Ä–∞–±–æ—Ç–∫–æ–π NLP –º–æ–¥–µ–ª–µ–π –¥–ª—è –∞–Ω–∞–ª–∏–∑–∞ –Ω–æ–≤–æ—Å—Ç–Ω–æ–≥–æ –ø–æ—Ç–æ–∫–∞: NER, entity linking, –∫–ª–∞—Å—Å–∏—Ñ–∏–∫–∞—Ü–∏—è."
7,–ü–æ–∑–∏—Ü–∏—è,–°–µ–π—á–∞—Å –∏—â–µ–º –∞–Ω–∞–ª–∏—Ç–∏–∫–∞ —Å —É–∫–ª–æ–Ω–æ–º –≤ DS.
9,–û–±—è–∑–∞–Ω–Ω–æ—Å—Ç–∏,"–ó–∞–¥–∞—á–∏, –∫–æ—Ç–æ—Ä—ã–µ –º–æ–∂–µ–º –ø—Ä–µ–¥–ª–æ–∂–∏—Ç—å –Ω–∞ —Å—Ç–∞–∂–∏—Ä–æ–≤–∫—É:"
11,–¢—Ä–µ–±–æ–≤–∞–Ω–∏—è,"‚Ä¢ –°—É–º–º–∞—Ä–∏–∑–∞—Ü–∏—è –Ω–æ–≤–æ—Å—Ç–µ–π (–≥–µ–Ω–µ—Ä–∏–º —Å–∞–º–º–∞—Ä–∏ –∏ —Å–º–æ—Ç—Ä–∏–º, –Ω–∞—Å–∫–æ–ª—å–∫–æ —Ç–µ—Ä—è–µ—Ç—Å—è –∏–Ω—Ñ–∞ –æ —Å–æ–±—ã—Ç–∏–∏/–∑–∞–µ–º—â–∏–∫–µ)"
11,–¢—Ä–µ–±–æ–≤–∞–Ω–∏—è,‚Ä¢ –¢–µ–º–∞—Ç–∏—á–µ—Å–∫–æ–µ –º–æ–¥–µ–ª–∏—Ä–æ–≤–∞–Ω–∏–µ (–º–∏—Ä–æ–≤—ã–µ —Ç—Ä–µ–Ω–¥—ã)
11,–¢—Ä–µ–±–æ–≤–∞–Ω–∏—è,"‚Ä¢ –ê–Ω–∞–ª–∏–∑ –∞–ª–≥–æ—Ä–∏—Ç–º–æ–≤ –º—ç—Ç—á–∏–Ω–≥–∞ —Å—É—â–Ω–æ—Å—Ç–µ–π, –Ω–∞–π–¥–µ–Ω–Ω—ã—Ö –≤ —Ç–µ–∫—Å—Ç–µ, —Å —Ç–µ–º, —á—Ç–æ –µ—Å—Ç—å –≤ –ë–î"
11,–¢—Ä–µ–±–æ–≤–∞–Ω–∏—è,–¢—Ä–µ–±–æ–≤–∞–Ω–∏—è:
17,–£—Å–ª–æ–≤–∏—è —Ä–∞–±–æ—Ç—ã,‚Ä¢ –£–º–µ–Ω–∏–µ –≤–Ω—è—Ç–Ω–æ –∏–∑–ª–∞–≥–∞—Ç—å —Å–≤–æ–∏ –º—ã—Å–ª–∏ –∏ –ø—Ä–µ–¥—Å—Ç–∞–≤–ª—è—Ç—å —Ä–µ–∑—É–ª—å—Ç–∞—Ç—ã —Å–≤–æ–µ–π —Ä–∞–±–æ—Ç—ã
11,–¢—Ä–µ–±–æ–≤–∞–Ω–∏—è,"‚Ä¢ –£–≤–µ—Ä–µ–Ω–Ω—ã–π Python, —É–º–µ–Ω–∏–µ —Ä–∞–∑–±–∏—Ä–∞—Ç—å—Å—è –≤ —á—É–∂–æ–º –∫–æ–¥–µ"
11,–¢—Ä–µ–±–æ–≤–∞–Ω–∏—è,‚Ä¢ –ü–æ–Ω–∏–º–∞–Ω–∏–µ –æ—Å–Ω–æ–≤–Ω—ã—Ö –ø—Ä–∏–Ω—Ü–∏–ø–æ–≤ –∏ –∞–ª–≥–æ—Ä–∏—Ç–º–æ–≤ –∫–ª–∞—Å—Å–∏—á–µ—Å–∫–æ–≥–æ ML
11,–¢—Ä–µ–±–æ–≤–∞–Ω–∏—è,‚Ä¢ –ë–∞–∑–æ–≤–æ–µ –ø–æ–Ω–∏–º–∞–Ω–∏–µ –æ–±–ª–∞—Å—Ç–∏ NLP
11,–¢—Ä–µ–±–æ–≤–∞–Ω–∏—è,"‚Ä¢ –ë–î: PostgreSQL, –∑–Ω–∞–Ω–∏–µ ElasticSearch –±—É–¥–µ—Ç –ø–ª—é—Å–æ–º"
15,–î–æ–ø. –ò–Ω—Ñ–æ—Ä–º–∞—Ü–∏—è,"–°—Ç–∞–∂–∏—Ä–æ–≤–∫–∞ –æ–±—ã—á–Ω–æ –ø—Ä–æ–¥–æ–ª–∂–∞–µ—Ç—Å—è 3-6 –º–µ—Å—è—Ü–µ–≤, –Ω–æ —Ç–µ—Ö, –∫—Ç–æ –Ω–æ—Ä–º –±—É–¥–µ—Ç —Å–ø—Ä–∞–≤–ª—è—Ç—å—Å—è, –º–æ–∂–Ω–æ –≤–∑—è—Ç—å –Ω–∞ –¥–∂—É–Ω–∞ –∏ –±—ã—Å—Ç—Ä–µ–µ."
1,–ö–æ–Ω—Ç–∞–∫—Ç,–ö–æ–Ω—Ç–∞–∫—Ç—ã @anton_srk
4,–û–ø–∏—Å–∞–Ω–∏–µ –≤–∞–∫–∞–Ω—Å–∏–∏,–ö—Ä–∞—Ç–∫–æ–µ –æ–ø–∏—Å–∞–Ω–∏–µ
11,–¢—Ä–µ–±–æ–≤–∞–Ω–∏—è,"–ò—â–µ–º –¥–æ–ø–æ–ª–Ω–∏—Ç–µ–ª—å–Ω—ã—Ö –∞–≤—Ç–æ—Ä–æ–≤ –Ω–∞ –∫—É—Ä—Å –ú–∞—Ç–µ–º–∞—Ç–∏–∫–∞ –¥–ª—è –ú–õ/–î–õ –¥–ª—è –º–æ—Ç–∏–≤–∏—Ä–æ–≤–∞–Ω–Ω—ã—Ö —à–∫–æ–ª—å–Ω–∏–∫–æ–≤-–æ–ª–∏–º–ø–∏–∞–¥–Ω–∏–∫–æ–≤ 9-11 –∫–ª–∞—Å—Å–æ–≤, –∫–æ—Ç–æ—Ä—ã–µ —É–∂–µ –∏–∑—É—á–∞—é—Ç –ú–õ/–î–õ, —É—á–∞—Å—Ç–≤—É—é—Ç –≤–æ –≤—Å–µ—Ä–æ—Å—Å–∏–π—Å–∫–æ–π –æ–ª–∏–º–ø–∏–∞–¥–µ –ø–æ –∞–Ω–∞–ª–∏–∑—É –¥–∞–Ω–Ω—ã—Ö, –Ω–æ –∏—Å–ø—ã—Ç—ã–≤–∞—é—Ç –∑–∞—Ç—Ä—É–¥–Ω–µ–Ω–∏—è –∏–∑-–∑–∞ –Ω–µ—Ö–≤–∞—Ç–∫–∏ –±–∞–≥–∞–∂–∞ –ø–æ –º–∞—Ç–µ–º–∞—Ç–∏–∫–µ."
12,–ó–∞—Ä–ø–ª–∞—Ç–∞,–í–∏–ª–∫–∞: 5-10–∫ —á–∏—Å—Ç—ã–º–∏ –∑–∞ –æ–¥–∏–Ω —É—Ä–æ–∫ –Ω–∞ 5-10 –º–∏–Ω—É—Ç
7,–ü–æ–∑–∏—Ü–∏—è,–î–æ–ª–∂–Ω–æ—Å—Ç—å: –∞–≤—Ç–æ—Ä –º–∞—Ç–µ—Ä–∏–∞–ª–æ–≤ –∫—É—Ä—Å–∞ –ø–æ –º–∞—Ç–µ–º–∞—Ç–∏–∫–µ –¥–ª—è —à–∫–æ–ª—å–Ω–∏–∫–æ–≤
13,–ó–∞–Ω—è—Ç–æ—Å—Ç—å,–ó–∞–Ω—è—Ç–æ—Å—Ç—å: –ø—Ä–æ–µ–∫—Ç–Ω–∞—è
6,–§–æ—Ä–º–∞—Ç —Ä–∞–±–æ—Ç—ã,–§–æ—Ä–º–∞—Ç: —É–¥–∞–ª–µ–Ω–Ω–æ + 1-2 –¥–Ω—è –æ—á–Ω–æ –¥–ª—è —Å—ä–µ–º–æ–∫ –≤ –§–∏–∑—Ç–µ—Ö–ü–∞—Ä–∫–µ –Ω–∞ –ù–æ–≤–æ–¥–∞—á–Ω–æ–π
4,–û–ø–∏—Å–∞–Ω–∏–µ –≤–∞–∫–∞–Ω—Å–∏–∏,–û–ø–∏—Å–∞–Ω–∏–µ: https://www.notion.so/110c3611eb0c4f62a2fe960f6b6518b4
1,–ö–æ–Ω—Ç–∞–∫—Ç,–ö–æ–Ω—Ç–∞–∫—Ç: @LizaZhadik
4,–û–ø–∏—Å–∞–Ω–∏–µ –≤–∞–∫–∞–Ω—Å–∏–∏,Java —Ä–∞–∑—Ä–∞–±–æ—Ç—á–∏–∫–∏ –≤ –∫–æ–º–∞–Ω–¥—É –∏–Ω—Ç–µ–≥—Ä–∞—Ü–∏–∏ SberCRM ‚Äì 1–°
7,–ü–æ–∑–∏—Ü–∏—è,1) Java Senior —Ä–∞–∑—Ä–∞–±–æ—Ç—á–∏–∫ + Team Lead
7,–ü–æ–∑–∏—Ü–∏—è,2) Java Senior/Middle —Ä–∞–∑—Ä–∞–±–æ—Ç—á–∏–∫
9,–û–±—è–∑–∞–Ω–Ω–æ—Å—Ç–∏,SberCRM ‚Äì –æ–±–ª–∞—á–Ω–æ–µ SaaS b2b —Ä–µ—à–µ–Ω–∏–µ –¥–ª—è —É–ø—Ä–∞–≤–ª–µ–Ω–∏—è –ø—Ä–æ—Ü–µ—Å—Å–æ–º –ø—Ä–æ–¥–∞–∂.
3,–ù–∞–∑–≤–∞–Ω–∏–µ –∫–æ–º–ø–∞–Ω–∏–∏,"CRM –ø—Ä–æ–¥–∞—ë—Ç—Å—è –∫–∞–∫ –≤ —Å–µ–≥–º–µ–Ω—Ç–µ –º–∞–ª–æ–≥–æ –∏ —Å—Ä–µ–¥–Ω–µ–≥–æ –±–∏–∑–Ω–µ—Å–∞, —Ç–∞–∫ –∏ –∫—Ä—É–ø–Ω—ã–º –∫–æ–º–ø–∞–Ω–∏—è–º."
9,–û–±—è–∑–∞–Ω–Ω–æ—Å—Ç–∏,–ö–æ–º–∞–Ω–¥–∞ –∏–Ω—Ç–µ–≥—Ä–∞—Ü–∏–∏ SberCRM-1–° —Ä–∞–∑—Ä–∞–±–∞—Ç—ã–≤–∞–µ—Ç –∏–Ω—Ç–µ–≥—Ä–∞—Ü–∏–æ–Ω–Ω—ã–µ —Ä–µ—à–µ–Ω–∏—è –¥–ª—è —É–ª—É—á—à–µ–Ω–∏—è –ø–æ–ª—å–∑–æ–≤–∞—Ç–µ–ª—å—Å–∫–æ–≥–æ –æ–ø—ã—Ç–∞ –∏ —Å–Ω–∏–∂–µ–Ω–∏—è –∑–∞—Ç—Ä–∞—Ç –Ω–∞ –ø—Ä–æ—Ü–µ—Å—Å—ã –ø—Ä–æ–¥–∞–∂ –∏ –¥–æ–∫—É–º–µ–Ω—Ç–æ–æ–±–æ—Ä–æ—Ç–∞:
9,–û–±—è–∑–∞–Ω–Ω–æ—Å—Ç–∏,‚Ä¢ –°–æ–∑–¥–∞—ë—Ç –∏ –¥–æ—Ä–∞–±–∞—Ç—ã–≤–∞–µ—Ç –º–æ–¥—É–ª—å CRM –ø–æ –∏–Ω—Ç–µ–≥—Ä–∞—Ü–∏–∏ —Å —É—á—ë—Ç–Ω—ã–º–∏ —Å–∏—Å—Ç–µ–º–∞–º–∏ 1–° (—Å–∞–º–æ—Å—Ç–æ—è—Ç–µ–ª—å–Ω–∞—è –∏ —à–∞–±–ª–æ–Ω–Ω–∞—è –∏–Ω—Ç–µ–≥—Ä–∞—Ü–∏–∏ –¥–ª—è –º–∞–ª–æ–≥–æ –∏ —Å—Ä–µ–¥–Ω–µ–≥–æ –±–∏–∑–Ω–µ—Å–∞)
16,–°—Ç—ç–∫ —Ä–∞–∑—Ä–∞–±–æ—Ç–∫–∏,‚Ä¢ –†–µ–∞–ª–∏–∑—É–µ—Ç –ø—Ä–æ–µ–∫—Ç—ã –ø–æ –∫–∞—Å—Ç–æ–º–∏–∑–∏—Ä–æ–≤–∞–Ω–Ω–æ–π –∏–Ω—Ç–µ–≥—Ä–∞—Ü–∏–∏ –¥–ª—è –∫—Ä—É–ø–Ω—ã—Ö –ø—Ä–µ–¥–ø—Ä–∏—è—Ç–∏–π
9,–û–±—è–∑–∞–Ω–Ω–æ—Å—Ç–∏,‚Ä¢ –û—Ä–≥–∞–Ω–∏–∑–æ–≤—ã–≤–∞–µ—Ç –ø–æ–¥–¥–µ—Ä–∂–∫—É –ø–æ–ª—å–∑–æ–≤–∞—Ç–µ–ª–µ–π.
9,–û–±—è–∑–∞–Ω–Ω–æ—Å—Ç–∏,"–ó–∞–¥–∞—á–∏, –∫–æ—Ç–æ—Ä—ã–º–∏ –Ω—É–∂–Ω–æ –±—É–¥–µ—Ç –∑–∞–Ω–∏–º–∞—Ç—å—Å—è:"
9,–û–±—è–∑–∞–Ω–Ω–æ—Å—Ç–∏,"‚Ä¢ –£—á–∞—Å—Ç–∏–µ –≤ –ø—Ä–æ–µ–∫—Ç–µ –≤ —Ä–æ–ª–∏ —Ä–∞–∑—Ä–∞–±–æ—Ç—á–∏–∫–∞ (–ø—Ä–∏–º–µ—Ä—ã –∑–∞–¥–∞—á: —Ä–∞–∑—Ä–∞–±–æ—Ç–∫–∞ –º–æ–¥—É–ª—è —Ç–∞—Ä–∏—Ñ–∏–∫–∞—Ü–∏–∏, —Ä–∞–∑—Ä–∞–±–æ—Ç–∫–∞ –º–∞—Å—Ç–µ—Ä–∞ –∏–Ω—Ç–µ–≥—Ä–∞—Ü–∏–æ–Ω–Ω—ã—Ö –∫–æ–Ω—Ñ–∏–≥—É—Ä–∞—Ü–∏–π, –Ω–∞–ø–∏—Å–∞–Ω–∏–µ –∫–æ–¥–∞ –¥–ª—è –æ–±–º–µ–Ω–∞ –Ω–æ–≤—ã–º–∏ —Ç–∏–ø–∞–º–∏ –¥–∞–Ω–Ω—ã—Ö, –∫–∞—Å—Ç–æ–º–∏–∑–∞—Ü–∏—è –∫–æ–¥–∞ –ø–æ–¥ –∫–æ–Ω—Ñ–∏–≥—É—Ä–∞—Ü–∏–∏ 1–°, –¥–æ—Ä–∞–±–æ—Ç–∫–∞ —Å—É—â–µ—Å—Ç–≤—É—é—â–µ–≥–æ —Ä–µ—à–µ–Ω–∏—è)"
9,–û–±—è–∑–∞–Ω–Ω–æ—Å—Ç–∏,"‚Ä¢ –î–ª—è Team lead: –≤—ã—Å—Ç—Ä–∞–∏–≤–∞–Ω–∏–µ –ø—Ä–æ—Ü–µ—Å—Å–∞ —Ä–∞–∑—Ä–∞–±–æ—Ç–∫–∏, —É–ø—Ä–∞–≤–ª–µ–Ω–∏—è —Ä–∞–∑—Ä–∞–±–æ—Ç–∫–æ–π –≤ —Å–æ–æ—Ç–≤–µ—Ç—Å—Ç–≤–∏–∏ —Å –≥–∏–±–∫–∏–º–∏ –º–µ—Ç–æ–¥–æ–ª–æ–≥–∏—è–º–∏, –≤–∞–ª–∏–¥–∞—Ü–∏—è pull requests –¥—Ä—É–≥–∏—Ö —Ä–∞–∑—Ä–∞–±–æ—Ç—á–∏–∫–æ–≤ –∫–æ–º–∞–Ω–¥—ã"
9,–û–±—è–∑–∞–Ω–Ω–æ—Å—Ç–∏,"‚Ä¢ –ü—Ä–æ–µ–∫—Ç–∏—Ä–æ–≤–∞–Ω–∏–µ —Ç–µ—Ö–Ω–∏—á–µ—Å–∫–∏–π —Ä–µ—à–µ–Ω–∏–π,¬†–ø—Ä–æ—Ä–∞–±–æ—Ç–∫–∞ –∏ –≤–∞–ª–∏–¥–∞—Ü–∏—è –µ–≥–æ –∞—Ä—Ö–∏—Ç–µ–∫—Ç—É—Ä—ã (–Ω–∞–ø—Ä–∏–º–µ—Ä, –≤—ã–±–æ—Ä —Å–ø–æ—Å–æ–±–∞ –∏–Ω—Ç–µ–≥—Ä–∞—Ü–∏–∏: OData vs REST API)"
9,–û–±—è–∑–∞–Ω–Ω–æ—Å—Ç–∏,‚Ä¢ –†–∞–∑—Ä–∞–±–æ—Ç–∫–∞ –∞–≤—Ç–æ–º–∞—Ç–∏–∑–∏—Ä–æ–≤–∞–Ω–Ω—ã—Ö –∏ unit —Ç–µ—Å—Ç–æ–≤
11,–¢—Ä–µ–±–æ–≤–∞–Ω–∏—è,"‚Ä¢ –î–∏–∞–≥–Ω–æ—Å—Ç–∏—Ä–æ–≤–∞–Ω–∏–µ –æ—à–∏–±–æ–∫ –∏ —Å–±–æ–µ–≤, –∏—Å–ø—Ä–∞–≤–ª–µ–Ω–∏–µ –ø—Ä–∏—á–∏–Ω."
7,–ü–æ–∑–∏—Ü–∏—è,–ü–æ–¥—Ö–æ–¥—è—â–∏–π –∫–∞–Ω–¥–∏–¥–∞—Ç –Ω–∞ —ç—Ç—É –ø–æ–∑–∏—Ü–∏—é:
11,–¢—Ä–µ–±–æ–≤–∞–Ω–∏—è,‚Ä¢ –û–±–ª–∞–¥–∞–µ—Ç –æ–ø—ã—Ç–æ–º —Ä–∞–∑—Ä–∞–±–æ—Ç–∫–∏ –Ω–∞ Java –æ—Ç 3 –ª–µ—Ç
11,–¢—Ä–µ–±–æ–≤–∞–Ω–∏—è,‚Ä¢ –£–≤–µ—Ä–µ–Ω–Ω–æ –≤–ª–∞–¥–µ–µ—Ç Java 8 –∏ –≤—ã—à–µ
11,–¢—Ä–µ–±–æ–≤–∞–Ω–∏—è,"‚Ä¢ –ó–Ω–∞–µ—Ç Spring (Core, Boot, MVC, JPA, Security)"
11,–¢—Ä–µ–±–æ–≤–∞–Ω–∏—è,"‚Ä¢ –ó–Ω–∞–µ—Ç SQL –∏ –∏–º–µ–µ—Ç –æ–ø—ã—Ç —Ä–∞–±–æ—Ç—ã —Å —Ä–µ–ª—è—Ü–∏–æ–Ω–Ω—ã–º–∏ –°–£–ë–î, –ø–æ–Ω–∏–º–∞–µ—Ç –æ—Å–æ–±–µ–Ω–Ω–æ—Å—Ç–∏ PostgreSQL"
15,–î–æ–ø. –ò–Ω—Ñ–æ—Ä–º–∞—Ü–∏—è,‚Ä¢ –†–∞–±–æ—Ç–∞–ª —Å ORM (–ª—É—á—à–µ Hibernate)
17,–£—Å–ª–æ–≤–∏—è —Ä–∞–±–æ—Ç—ã,"‚Ä¢ –†–∞–±–æ—Ç–∞–ª —Å —Ñ—Ä–µ–π–º–≤–æ—Ä–∫–∞–º–∏ –∏ –±–∏–±–ª–∏–æ—Ç–µ–∫–∞–º–∏ —Ç–µ—Å—Ç–∏—Ä–æ–≤–∞–Ω–∏—è: JUnit, Mockito"
11,–¢—Ä–µ–±–æ–≤–∞–Ω–∏—è,‚Ä¢ –û—Ç–ª–∏—á–Ω–æ –∑–Ω–∞–µ—Ç GIT.
11,–¢—Ä–µ–±–æ–≤–∞–Ω–∏—è,"–ë—É–¥–µ—Ç¬†–ø—Ä–µ–∏–º—É—â–µ—Å—Ç–≤–æ–º, –µ—Å–ª–∏ –∫–∞–Ω–¥–∏–¥–∞—Ç:"
11,–¢—Ä–µ–±–æ–≤–∞–Ω–∏—è,‚Ä¢ –ò–º–µ–µ—Ç –æ–ø—ã—Ç –ø–æ—Å—Ç—Ä–æ–µ–Ω–∏—è —Å–µ—Ä–≤–∏—Å–æ–≤ ¬´—Å –Ω—É–ª—è¬ª –Ω–∞ –ø—Ä–æ–µ–∫—Ç–∞—Ö —Å –º–∏–∫—Ä–æ—Å–µ—Ä–≤–∏—Å–Ω–æ–π –∞—Ä—Ö–∏—Ç–µ–∫—Ç—É—Ä–æ–π
11,–¢—Ä–µ–±–æ–≤–∞–Ω–∏—è,"‚Ä¢ –†–∞–±–æ—Ç–∞–ª —Å Apache Kafka, Docker, Kubernetes / OpenShift"
11,–¢—Ä–µ–±–æ–≤–∞–Ω–∏—è,"‚Ä¢ –°–ª—ã—à–∞–ª –æ Istio, ELK/EFK, Spring Cloud"
11,–¢—Ä–µ–±–æ–≤–∞–Ω–∏—è,"‚Ä¢ –ò–º–µ–ª –æ–ø—ã—Ç –≤–∑–∞–∏–º–æ–¥–µ–π—Å—Ç–≤–∏—è —Å OData –∏ REST API, —Å–∏—Å—Ç–µ–º–∞–º–∏ 1–°"
16,–°—Ç—ç–∫ —Ä–∞–∑—Ä–∞–±–æ—Ç–∫–∏,‚Ä¢ –£—á–∞—Å—Ç–≤–æ–≤–∞–ª –≤ –ø—Ä–æ–µ–∫—Ç–∞—Ö –ø–æ –∏–Ω—Ç–µ–≥—Ä–∞—Ü–∏–∏ —Å–∏—Å—Ç–µ–º
17,–£—Å–ª–æ–≤–∏—è —Ä–∞–±–æ—Ç—ã,–£—Å–ª–æ–≤–∏—è:
17,–£—Å–ª–æ–≤–∏—è —Ä–∞–±–æ—Ç—ã,‚Ä¢ –°–æ–≤—Ä–µ–º–µ–Ω–Ω—ã–π Agile-home –Ω–∞ –ö—É—Ç—É–∑–æ–≤—Å–∫–æ–º –ø—Ä–æ—Å–ø–µ–∫—Ç–µ (+ –≤–æ–∑–º–æ–∂–Ω–æ—Å—Ç—å —Ä–∞–±–æ—Ç—ã —É–¥–∞–ª—ë–Ω–Ω–æ)
3,–ù–∞–∑–≤–∞–Ω–∏–µ –∫–æ–º–ø–∞–Ω–∏–∏,‚Ä¢ –†–∞–±–æ—Ç–∞ –≤ –æ—Ä–≥–∞–Ω–∏–∑–∞—Ü–∏–∏ —Å–æ —Å—Ç–∞—Ç—É—Å–æ–º ¬´–ò–¢ –∫–æ–º–ø–∞–Ω–∏–∏¬ª
3,–ù–∞–∑–≤–∞–Ω–∏–µ –∫–æ–º–ø–∞–Ω–∏–∏,‚Ä¢ –í–æ–∑–º–æ–∂–Ω–æ—Å—Ç—å –ø—Ä–æ—Ñ–∏–ª—å–Ω–æ–≥–æ –æ–±—É—á–µ–Ω–∏—è –∑–∞ —Å—á–µ—Ç –∫–æ–º–ø–∞–Ω–∏–∏
17,–£—Å–ª–æ–≤–∏—è —Ä–∞–±–æ—Ç—ã,"‚Ä¢ –°—Ç–∞–±–∏–ª—å–Ω–∞—è, –∫–æ–Ω–∫—É—Ä–µ–Ω—Ç–Ω–∞—è ¬´–±–µ–ª–∞—è¬ª –∑–∞—Ä–∞–±–æ—Ç–Ω–∞—è –ø–ª–∞—Ç–∞ (–æ–∫–ª–∞–¥ + –ø—Ä–µ–º–∏–∏)"
17,–£—Å–ª–æ–≤–∏—è —Ä–∞–±–æ—Ç—ã,‚Ä¢ –õ—å–≥–æ—Ç–Ω—ã–µ —É—Å–ª–æ–≤–∏—è –ø–æ –∫—Ä–µ–¥–∏—Ç–∞–º –°–±–µ—Ä–±–∞–Ω–∫–∞
11,–¢—Ä–µ–±–æ–≤–∞–Ω–∏—è,"‚Ä¢ –î–ú–°, —Å—Ç—Ä–∞—Ö–æ–≤–∞–Ω–∏–µ –æ—Ç –Ω–µ—Å—á–∞—Å—Ç–Ω—ã—Ö —Å–ª—É—á–∞–µ–≤ –∏ —Å–æ—Ü–∏–∞–ª—å–Ω—ã–µ –≥–∞—Ä–∞–Ω—Ç–∏–∏"
12,–ó–∞—Ä–ø–ª–∞—Ç–∞,–í–∏–ª–∫–∞ –ó–ü
11,–¢—Ä–µ–±–æ–≤–∞–Ω–∏—è,300-450 —Ç—ã—Å –† –≤ –∑–∞–≤–∏—Å–∏–º–æ—Å—Ç–∏ –æ—Ç —É—Ä–æ–≤–Ω—è –ø–æ–∑–∏—Ü–∏–∏
1,–ö–æ–Ω—Ç–∞–∫—Ç,–ü–æ –≤–æ–ø—Ä–æ—Å–∞–º –ø–∏—à–∏—Ç–µ @sergey_vlad
0,–ú—É—Å–æ—Ä,–í—Å–µ–º –ø—Ä–∏–≤–µ—Ç!
7,–ü–æ–∑–∏—Ü–∏—è,–ò—â–µ–º –∞–º–±–∏—Ü–∏–æ–∑–Ω—ã—Ö Junior+/Middle PHP + Laravel —Ä–∞–∑—Ä–∞–±–æ—Ç—á–∏–∫–æ–≤!
12,–ó–∞—Ä–ø–ª–∞—Ç–∞,–ó–∞—Ä–ø–ª–∞—Ç–Ω–∞—è –≤–∏–ª–∫–∞ –æ—Ç 110.000 –¥–æ 180.000 ‚ÇΩ
4,–û–ø–∏—Å–∞–Ω–∏–µ –≤–∞–∫–∞–Ω—Å–∏–∏,–û—Ä–≥–∞–Ω–∏–∑–∞—Ü–∏—è: Skweb
13,–ó–∞–Ω—è—Ç–æ—Å—Ç—å,–ó–∞–Ω—è—Ç–æ—Å—Ç—å: –ø—Ä–æ–µ–∫—Ç–Ω–∞—è
6,–§–æ—Ä–º–∞—Ç —Ä–∞–±–æ—Ç—ã,–§–æ—Ä–º–∞—Ç: —É–¥–∞–ª–µ–Ω–Ω–∞—è —Ä–∞–±–æ—Ç–∞
4,–û–ø–∏—Å–∞–Ω–∏–µ –≤–∞–∫–∞–Ω—Å–∏–∏,"–ú—ã —Ä–∞–±–æ—Ç–∞–µ–º —Å –æ–Ω–ª–∞–π–Ω-—à–∫–æ–ª–∞–º–∏ –∏ –∫–æ—Ä–ø–æ—Ä–∞—Ç–∏–≤–Ω—ã–º–∏ —É–Ω–∏–≤–µ—Ä—Å–∏—Ç–µ—Ç–∞–º–∏, –∫–æ—Ç–æ—Ä—ã–º –ø—Ä–µ–¥–æ—Å—Ç–∞–≤–ª—è–µ–º –ø–ª–∞—Ç—Ñ–æ—Ä–º—É –¥–ª—è –æ—Ä–≥–∞–Ω–∏–∑–∞—Ü–∏–∏ –ø—Ä–æ—Ü–µ—Å—Å–∞ –æ–±—É—á–µ–Ω–∏—è."
4,–û–ø–∏—Å–∞–Ω–∏–µ –≤–∞–∫–∞–Ω—Å–∏–∏,–ù–∞—à–∞ —Ä–∞–±–æ—Ç–∞ —Å–æ—Å—Ç–æ–∏—Ç –≤ —Ä–∞–∑–≤–∏—Ç–∏–∏ —É–∂–µ –≥–æ—Ç–æ–≤–æ–π –ø–ª–∞—Ç—Ñ–æ—Ä–º—ã.
4,–û–ø–∏—Å–∞–Ω–∏–µ –≤–∞–∫–∞–Ω—Å–∏–∏,"–ò—â–µ–º —á–µ–ª–æ–≤–µ–∫–∞, –∫–æ—Ç–æ—Ä—ã–π –≥–æ—Ç–æ–≤ –≤–∫–ª—é—á–∏—Ç—å—Å—è –≤ —Ä–∞–∑–≤–∏—Ç–∏–µ —Ç–∞–∫–∏—Ö –ø–ª–∞—Ç—Ñ–æ—Ä–º –¥–ª—è –æ–Ω–ª–∞–π–Ω-—à–∫–æ–ª."
16,–°—Ç—ç–∫ —Ä–∞–∑—Ä–∞–±–æ—Ç–∫–∏,–û—Å–Ω–æ–≤–Ω—ã–µ –∏—Å–ø–æ–ª—å–∑—É–µ–º—ã–µ —Ç–µ—Ö–Ω–æ–ª–æ–≥–∏–∏ –Ω–∞ –ø—Ä–æ–µ–∫—Ç–µ:
16,–°—Ç—ç–∫ —Ä–∞–∑—Ä–∞–±–æ—Ç–∫–∏,Back-end: PHP+Laravel
16,–°—Ç—ç–∫ —Ä–∞–∑—Ä–∞–±–æ—Ç–∫–∏,Front-end: JS+Vue.js
16,–°—Ç—ç–∫ —Ä–∞–∑—Ä–∞–±–æ—Ç–∫–∏,–°–£–ë–î: PostgreSQL/MySQL
16,–°—Ç—ç–∫ —Ä–∞–∑—Ä–∞–±–æ—Ç–∫–∏,–û–±—â–µ–Ω–∏–µ: Telegram/Discord
5,–û–ø–∏—Å–∞–Ω–∏–µ –∫–æ–º–ø–∞–Ω–∏–∏,–ß–µ–º –≤—ã –±—É–¥–µ—Ç–µ –∑–∞–Ω–∏–º–∞—Ç—å—Å—è:
9,–û–±—è–∑–∞–Ω–Ω–æ—Å—Ç–∏, ‚ÅÉ –†–∞–∑—Ä–∞–±–∞—Ç—ã–≤–∞—Ç—å –∏ –ø–æ–¥–¥–µ—Ä–∂–∏–≤–∞—Ç—å –º–∏–∫—Ä–æ—Å–µ—Ä–≤–∏—Å—ã –ø—Ä–æ–¥—É–∫—Ç–∞;
9,–û–±—è–∑–∞–Ω–Ω–æ—Å—Ç–∏, ‚ÅÉ –ü—Ä–æ–µ–∫—Ç–∏—Ä–æ–≤–∞—Ç—å –º–∏–∫—Ä–æ—Å–µ—Ä–≤–∏—Å—ã;
9,–û–±—è–∑–∞–Ω–Ω–æ—Å—Ç–∏," ‚ÅÉ –ü–æ–¥–¥–µ—Ä–∂–∏–≤–∞—Ç—å –∏ —Ä–∞–∑–≤–∏–≤–∞—Ç—å —Ç–µ–∫—É—â–∏–π —Ñ—É–Ω–∫—Ü–∏–æ–Ω–∞–ª, –∞ —Ç–∞–∫–∂–µ –ø–∏—Å–∞—Ç—å –Ω–æ–≤—ã–π;"
9,–û–±—è–∑–∞–Ω–Ω–æ—Å—Ç–∏, ‚ÅÉ –ü–æ–∫—Ä—ã—Ç–∏–µ –∫–æ–¥–∞ —Ç–µ—Å—Ç–∞–º–∏;
9,–û–±—è–∑–∞–Ω–Ω–æ—Å—Ç–∏, ‚ÅÉ –£—á–∞—Å—Ç–≤–æ–≤–∞—Ç—å –≤ –æ–±—Å—É–∂–¥–µ–Ω–∏–∏ –Ω–æ–≤–æ–π —Ñ—É–Ω–∫—Ü–∏–æ–Ω–∞–ª—å–Ω–æ—Å—Ç–∏;
9,–û–±—è–∑–∞–Ω–Ω–æ—Å—Ç–∏, ‚ÅÉ –ü—Ä–æ–µ–∫—Ç–∏—Ä–æ–≤–∞—Ç—å –°–£–ë–î.
11,–¢—Ä–µ–±–æ–≤–∞–Ω–∏—è,–ß–µ–≥–æ –º—ã –∂–¥–µ–º –æ—Ç –≤–∞—Å:
11,–¢—Ä–µ–±–æ–≤–∞–Ω–∏—è," ‚ÅÉ –•–æ—Ä–æ—à–∏–µ –∑–Ω–∞–Ω–∏—è PHP, Laravel, MySQL –∏–ª–∏ PostgresSQL;"
11,–¢—Ä–µ–±–æ–≤–∞–Ω–∏—è, ‚ÅÉ –ü–æ–Ω–∏–º–∞–Ω–∏–µ –ø—Ä–∏–Ω—Ü–∏–ø–æ–≤ –ø–æ—Å—Ç—Ä–æ–µ–Ω–∏—è REST;
11,–¢—Ä–µ–±–æ–≤–∞–Ω–∏—è, ‚ÅÉ –†–µ–ª–µ–≤–∞–Ω—Ç–Ω—ã–π –æ–ø—ã—Ç —Ä–∞–±–æ—Ç—ã –æ—Ç 1 –≥–æ–¥–∞;
11,–¢—Ä–µ–±–æ–≤–∞–Ω–∏—è, ‚ÅÉ –û–ø—ã—Ç —Ä–∞–±–æ—Ç—ã —Å Git;
11,–¢—Ä–µ–±–æ–≤–∞–Ω–∏—è, ‚ÅÉ –û–ø—ã—Ç —Ä–∞–±–æ—Ç—ã –≤ –∫–æ–º–∞–Ω–¥–µ.
11,–¢—Ä–µ–±–æ–≤–∞–Ω–∏—è,–ü—Ä–∏–≤–µ—Ç—Å—Ç–≤—É–µ—Ç—Å—è:
11,–¢—Ä–µ–±–æ–≤–∞–Ω–∏—è, ‚ÅÉ –û–ø—ã—Ç —Ä–∞–±–æ—Ç—ã –ø–æ –º–µ—Ç–æ–¥–æ–ª–æ–≥–∏–∏ Scrum;
11,–¢—Ä–µ–±–æ–≤–∞–Ω–∏—è, ‚ÅÉ –ù–∞–ª–∏—á–∏–µ –æ–ø—ã—Ç–∞ —Ä–∞–±–æ—Ç—ã –≤ —Ñ–æ—Ä–º–∞—Ç–µ —Å–ø—Ä–∏–Ω—Ç–æ–≤.
17,–£—Å–ª–æ–≤–∏—è —Ä–∞–±–æ—Ç—ã,–ö–∞–∫–∏–µ —É—Å–ª–æ–≤–∏—è –º—ã –ø—Ä–µ–¥–ª–∞–≥–∞–µ–º:
17,–£—Å–ª–æ–≤–∏—è —Ä–∞–±–æ—Ç—ã, ‚ÅÉ –ü–æ–ª–Ω–æ—Å—Ç—å—é —É–¥–∞–ª–µ–Ω–Ω–∞—è —Ä–∞–±–æ—Ç–∞;
17,–£—Å–ª–æ–≤–∏—è —Ä–∞–±–æ—Ç—ã, ‚ÅÉ –ë—ã—Å—Ç—Ä—ã–π –∫–∞—Ä—å–µ—Ä–Ω—ã–π —Ä–æ—Å—Ç;
17,–£—Å–ª–æ–≤–∏—è —Ä–∞–±–æ—Ç—ã, ‚ÅÉ –í–æ–∑–º–æ–∂–Ω–æ—Å—Ç—å –±—Ä–∞—Ç—å –±–æ–ª–µ–µ —à–∏—Ä–æ–∫—É—é –æ—Ç–≤–µ—Ç—Å—Ç–≤–µ–Ω–Ω–æ—Å—Ç—å;
13,–ó–∞–Ω—è—Ç–æ—Å—Ç—å, ‚ÅÉ –ì–∏–±–∫–∏–π –≥—Ä–∞—Ñ–∏–∫.
1,–ö–æ–Ω—Ç–∞–∫—Ç,–ü–æ –≤—Å–µ–º –≤–æ–ø—Ä–æ—Å–∞–º –ø–∏—Å–∞—Ç—å –≤ Telegram @k1rm1
7,–ü–æ–∑–∏—Ü–∏—è,–î–æ–ª–∂–Ω–æ—Å—Ç—å: NLP Engineer
6,–§–æ—Ä–º–∞—Ç —Ä–∞–±–æ—Ç—ã,–§–æ—Ä–º–∞—Ç —Ä–∞–±–æ—Ç—ã: remote
13,–ó–∞–Ω—è—Ç–æ—Å—Ç—å,–ó–∞–Ω—è—Ç–æ—Å—Ç—å: –ø—Ä–æ–µ–∫—Ç
12,–ó–∞—Ä–ø–ª–∞—Ç–∞,–ó–∞—Ä–ø–ª–∞—Ç–Ω–∞—è –≤–∏–ª–∫–∞: 35-45$ per hour
4,–û–ø–∏—Å–∞–Ω–∏–µ –≤–∞–∫–∞–Ω—Å–∏–∏,–û–ø–∏—Å–∞–Ω–∏–µ –≤–∞–∫–∞–Ω—Å–∏–∏:
9,–û–±—è–∑–∞–Ω–Ω–æ—Å—Ç–∏,"–ò—â–µ–º NLP Engineer, —á—Ç–æ–±—ã –∑–∞–Ω–∏–º–∞—Ç—å—Å—è —É–ª—É—á—à–µ–Ω–∏–µ–º –≥–µ–Ω–µ—Ä–∞—Ç–∏–≤–Ω–æ–π –º–æ–¥–µ–ª–∏ (GPT-based)."
9,–û–±—è–∑–∞–Ω–Ω–æ—Å—Ç–∏,"–ù—É–∂–Ω–æ –±—É–¥–µ—Ç –æ–±—É—á–∞—Ç—å –º–æ–¥–µ–ª—å–∫–∏, –∑–∞–ø—É—Å–∫–∞—Ç—å —ç–∫—Å–ø–µ—Ä–∏–º–µ–Ω—Ç—ã, –æ–ø—Ç–∏–º–∏–∑–∏—Ä–æ–≤–∞—Ç—å –ø–æ–¥ production."
11,–¢—Ä–µ–±–æ–≤–∞–Ω–∏—è,"–¢–æ—á–Ω–æ –Ω—É–∂–µ–Ω —Ö–æ—Ä–æ—à–∏–π Python, –æ–ø—ã—Ç —Å hf transformers –∏ —É–º–µ–Ω–∏–µ –ø–∏—Å–∞—Ç—å —á–∏—Å—Ç—ã–π –∫–æ–¥."
11,–¢—Ä–µ–±–æ–≤–∞–Ω–∏—è,–í –∏–¥–µ–∞–ª–µ - –ø—Ä–µ–¥—ã–¥—É—â–∏–π –æ–ø—ã—Ç —Ä–∞–±–æ—Ç—ã c GPT –∏ –∑–∞–ø—É—Å–∫ –º–æ–¥–µ–ª–µ–π –≤ production.
11,–¢—Ä–µ–±–æ–≤–∞–Ω–∏—è,"–ù—É–∂–µ–Ω –º–∏–Ω–∏–º—É–º –ø–∞—Ä—Ç-—Ç–∞–π–º –Ω–∞ 20 —á–∞—Å–æ–≤ –≤ –Ω–µ–¥–µ–ª—é, –æ—Ç–ª–∏—á–Ω–æ –ø–æ–¥—Ö–æ–¥–∏—Ç —Ç–µ–º —É –∫–æ–≥–æ —É–∂–µ –µ—Å—Ç—å —Å–æ–ª–∏–¥–Ω—ã–µ –∑–Ω–∞–Ω–∏—è –≤ NLP –∏ —Ö–æ—á–µ—Ç—Å—è –ø–æ–ª—É—á–∏—Ç—å –ø–æ–±–æ–ª—å—à–µ –æ–ø—ã—Ç —Ä–∞–±–æ—Ç—ã —Å Language Models."
16,–°—Ç—ç–∫ —Ä–∞–∑—Ä–∞–±–æ—Ç–∫–∏,"–ï—Å–ª–∏ –≤—Å–µ –ø—Ä–æ–π–¥–µ—Ç —É—Å–ø–µ—à–Ω–æ, —Ç–æ –≥–æ—Ç–æ–≤—ã –æ–±—Å—É–∂–¥–∞—Ç—å —Ñ—É–ª—Ç–∞–π–º –∏ —Ä–∞–±–æ—Ç—É –Ω–∞–¥ –¥—Ä—É–≥–∏–º–∏ NLP –ø—Ä–æ–µ–∫—Ç–∞–º–∏."
1,–ö–æ–Ω—Ç–∞–∫—Ç,–ö–æ–Ω—Ç–∞–∫—Ç—ã: @whiteRa2bit
7,–ü–æ–∑–∏—Ü–∏—è,WordPress Plugin Developer
11,–¢—Ä–µ–±–æ–≤–∞–Ω–∏—è,Experience: worked on live WordPress plugins/ develop WordPress plugins which are live on the market.
17,–£—Å–ª–æ–≤–∏—è —Ä–∞–±–æ—Ç—ã,"Payment: it depends on your reference, for the start 8-18 ‚Ç¨ per hour or fixed for a projectstep."
6,–§–æ—Ä–º–∞—Ç —Ä–∞–±–æ—Ç—ã,"Workload: online, part-time, with Wordpress codex, English speaking team."
9,–û–±—è–∑–∞–Ω–Ω–æ—Å—Ç–∏,Goal: To develop the easiest product on the market of cookie solutions.
17,–£—Å–ª–æ–≤–∏—è —Ä–∞–±–æ—Ç—ã,The key feature should be that a non-tech customer can use it in a way that the cookie plugin tells him /detect which tracking codes are actually on the website.
9,–û–±—è–∑–∞–Ω–Ω–æ—Å—Ç–∏,The problem of the market here is we have only complex solutions that customers are not able to edit on their own.
11,–¢—Ä–µ–±–æ–≤–∞–Ω–∏—è,"About us: marketing agency, located in Germany."
7,–ü–æ–∑–∏—Ü–∏—è,"Our team is young international, which have a lot of projects, huge workload with big and small german companies."
11,–¢—Ä–µ–±–æ–≤–∞–Ω–∏—è,"The projects are about e-commerce web design, SEO and advertising."
9,–û–±—è–∑–∞–Ω–Ω–æ—Å—Ç–∏,It‚Äôs really interesting to have long-term relationships with our developers.
11,–¢—Ä–µ–±–æ–≤–∞–Ω–∏—è,We are looking for people who think and push forward.
11,–¢—Ä–µ–±–æ–≤–∞–Ω–∏—è,Thanks for your applying!
11,–¢—Ä–µ–±–æ–≤–∞–Ω–∏—è,"Best regards, Oliver"
9,–û–±—è–∑–∞–Ω–Ω–æ—Å—Ç–∏,Send me please one or two your work examples to my email: mahrle.oliver@gmail.com
4,–û–ø–∏—Å–∞–Ω–∏–µ –≤–∞–∫–∞–Ω—Å–∏–∏,üñ• –ò—â–µ–º Fullstack —Ä–∞–∑—Ä–∞–±–æ—Ç—á–∏–∫–∞ –Ω–∞ Python3
11,–¢—Ä–µ–±–æ–≤–∞–Ω–∏—è,120-180–∫ / –º–µ—Å
17,–£—Å–ª–æ–≤–∏—è —Ä–∞–±–æ—Ç—ã,–ú—ã –º–æ–ª–æ–¥–æ–π —Ñ–∏–Ω—Ç–µ—Ö —Å—Ç–∞—Ä—Ç–∞–ø - —Ä–∞–∑—Ä–∞–±–∞—Ç—ã–≤–∞–µ–º —Å–∏—Å—Ç–µ–º—É —Ä–∞—Å—Å—Ä–æ—á–µ–∫ –¥–ª—è –æ–Ω–ª–∞–π–Ω —à–∫–æ–ª.
5,–û–ø–∏—Å–∞–Ω–∏–µ –∫–æ–º–ø–∞–Ω–∏–∏,"–£ –Ω–∞—Å –µ—Å—Ç—å –ø–µ—Ä–≤–∞—è —Ç—ã—Å—è—á–∞ –∫–ª–∏–µ–Ω—Ç–æ–≤ –∏ —Ä–∞–±–æ—Ç–∞—é—â–∏–π –ø—Ä–æ—Ç–æ—Ç–∏–ø, –∫–æ—Ç–æ—Ä—ã–π –º—ã –ø–æ—Å—Ç–æ—è–Ω–Ω–æ —Ä–∞—Å—à–∏—Ä—è–µ–º."
5,–û–ø–∏—Å–∞–Ω–∏–µ –∫–æ–º–ø–∞–Ω–∏–∏,–û—Å–Ω–æ–≤–∞—Ç–µ–ª—å - –≤—ã–ø—É—Å–∫–Ω–∏–∫ –§–∏–∑—Ç–µ—Ö–∞
2,–ù–∞–∑–≤–∞–Ω–∏–µ –≤–∞–∫–∞–Ω—Å–∏–∏,–ò—â–µ–º —á–µ–ª–æ–≤–µ–∫–∞ –Ω–∞ —É–¥–∞–ª–µ–Ω–∫—É.
11,–¢—Ä–µ–±–æ–≤–∞–Ω–∏—è,"–û–∂–∏–¥–∞–µ–º, —á—Ç–æ —Ç—ã:"
11,–¢—Ä–µ–±–æ–≤–∞–Ω–∏—è,‚Ä¢ –£–º–µ–µ—à—å –≤ Python3/Django/SQL/Rest API/Heroku
11,–¢—Ä–µ–±–æ–≤–∞–Ω–∏—è,‚Ä¢ –ò–º–µ–µ—à—å –º–∏–Ω–∏–º–∞–ª—å–Ω—ã–µ –∑–Ω–∞–Ω–∏—è Bootstrap/CSS/JS –¥–ª—è –ø—Ä–æ—Ç–æ—Ç–∏–ø–∏—Ä–æ–≤–∞–Ω–∏—è
11,–¢—Ä–µ–±–æ–≤–∞–Ω–∏—è,"–ë—É–¥–µ—Ç –ø–ª—é—Å–æ–º, –µ—Å–ª–∏ —Ç—ã –∑–Ω–∞–µ—à—å:"
11,–¢—Ä–µ–±–æ–≤–∞–Ω–∏—è,+ –°–æ–∑–¥–∞–≤–∞—Ç—å –∏ –¥–æ—Ä–∞–±–∞—Ç—ã–≤–∞—Ç—å –ø—Ä–∏–ª–æ–∂–µ–Ω–∏—è –Ω–∞ Vue.js
1,–ö–æ–Ω—Ç–∞–∫—Ç,+ –£–º–µ–µ—à—å –ø–∏—Å–∞—Ç—å Tg –±–æ—Ç–æ–≤
4,–û–ø–∏—Å–∞–Ω–∏–µ –≤–∞–∫–∞–Ω—Å–∏–∏,+ –†–∞–±–æ—Ç–∞—Ç—å —Å PDF –¥–æ–∫—É–º–µ–Ω—Ç–∞–º–∏ –∏–∑ Python
5,–û–ø–∏—Å–∞–Ω–∏–µ –∫–æ–º–ø–∞–Ω–∏–∏,–ß–µ–º –ø—Ä–µ–¥—Å—Ç–æ–∏—Ç –∑–∞–Ω–∏–º–∞—Ç—å—Å—è:
9,–û–±—è–∑–∞–Ω–Ω–æ—Å—Ç–∏,"> –ü–æ–¥–¥–µ—Ä–∂–∏–≤–∞—Ç—å –∏ —Ä–∞—Å—à–∏—Ä—è—Ç—å —Å—É—â–µ—Å—Ç–≤—É—é—â–∏–π —Ñ—É–Ω–∫—Ü–∏–æ–Ω–∞–ª - –¥–æ—Ä–∞–±–∞—Ç—ã–≤–∞—Ç—å —Ñ—Ä–æ–Ω—Ç –∏ –±—ç–∫, –∏—Å–ø—Ä–∞–≤–ª—è—Ç—å –æ—à–∏–±–∫–∏ (Sentry), –ø–∏—Å–∞—Ç—å –±–æ—Ç–æ–≤, —à–∞–±–ª–æ–Ω–∏–∑–∞—Ç–æ—Ä—ã –¥–æ–∫—É–º–µ–Ω—Ç–æ–≤"
1,–ö–æ–Ω—Ç–∞–∫—Ç,> –ü–∏—Å–∞—Ç—å –¥–æ–∫—É–º–µ–Ω—Ç–∞—Ü–∏—é
9,–û–±—è–∑–∞–Ω–Ω–æ—Å—Ç–∏,> –ü–æ–∫—Ä—ã–≤–∞—Ç—å –∫–æ–¥ —Ç–µ—Å—Ç–∞–º–∏
17,–£—Å–ª–æ–≤–∏—è —Ä–∞–±–æ—Ç—ã,–£—Å–ª–æ–≤–∏—è:
11,–¢—Ä–µ–±–æ–≤–∞–Ω–∏—è,@fnceba
7,–ü–æ–∑–∏—Ü–∏—è,–ò—â–µ–º –ê–Ω–∞–ª–∏—Ç–∏–∫–∞-–º–∞—Ç–µ–º–∞—Ç–∏–∫–∞
10,–ê–¥—Ä–µ—Å –æ—Ñ–∏—Å–∞,"–ì–æ—Ä–æ–¥ –∏ –∞–¥—Ä–µ—Å –æ—Ñ–∏—Å–∞: –ú–æ—Å–∫–≤–∞, –°–µ–≤–∞—Å—Ç–æ–ø–æ–ª—å—Å–∫–∏–π –ø—Ä-–∫—Ç, 47–ê (–º–µ—Ç—Ä–æ –ü—Ä–æ—Ñ—Å–æ—é–∑–Ω–∞—è, –ù–∞—Ö–∏–º–æ–≤—Å–∫–∏–π –ø—Ä–æ—Å–ø–µ–∫—Ç)"
6,–§–æ—Ä–º–∞—Ç —Ä–∞–±–æ—Ç—ã,–§–æ—Ä–º–∞—Ç —Ä–∞–±–æ—Ç—ã: –æ—Ñ–∏—Å —Å –≤–æ–∑–º–æ–∂–Ω–æ—Å—Ç—å—é –∫–æ–º–±–∏–Ω–∏—Ä–æ–≤–∞–Ω–Ω–æ–≥–æ –≥—Ä–∞—Ñ–∏–∫–∞
13,–ó–∞–Ω—è—Ç–æ—Å—Ç—å,–ó–∞–Ω—è—Ç–æ—Å—Ç—å: –ø–æ–ª–Ω–∞—è
12,–ó–∞—Ä–ø–ª–∞—Ç–∞,–ó–∞—Ä–ø–ª–∞—Ç–Ω–∞—è –≤–∏–ª–∫–∞: –æ—Ç 130 –¥–æ 250  —Ç—ã—Å.—Ä—É–±.
12,–ó–∞—Ä–ø–ª–∞—Ç–∞,(net)
3,–ù–∞–∑–≤–∞–Ω–∏–µ –∫–æ–º–ø–∞–Ω–∏–∏,–ö–æ–º–ø–∞–Ω–∏—è: –û–û–û ¬´–ù–ò–ò –¢—Ä–∞–Ω—Å–Ω–µ—Ñ—Ç—å¬ª
2,–ù–∞–∑–≤–∞–Ω–∏–µ –≤–∞–∫–∞–Ω—Å–∏–∏,–ò—â–µ–º:
7,–ü–æ–∑–∏—Ü–∏—è,–ê–Ω–∞–ª–∏—Ç–∏–∫–æ–≤-–º–∞—Ç–µ–º–∞—Ç–∏–∫–æ–≤ —Å —Ä–∞–∑–ª–∏—á–Ω—ã–º —Å—Ç–∞–∂–µ–º –∏ –æ–ø—ã—Ç–æ–º.
4,–û–ø–∏—Å–∞–Ω–∏–µ –≤–∞–∫–∞–Ω—Å–∏–∏,–ü–æ–¥—Ä–æ–±–Ω–µ–µ –æ –Ω–∞—Å:
15,–î–æ–ø. –ò–Ω—Ñ–æ—Ä–º–∞—Ü–∏—è,"–ú—ã R&D –∫–æ–º–∞–Ω–¥–∞ –û–û–û ""–ù–ò–ò –¢—Ä–∞–Ω—Å–Ω–µ—Ñ—Ç—å"", —Ä–∞–±–æ—Ç–∞—é—â–∞—è –Ω–∞–¥ –∏–Ω—Ç–µ—Ä–µ—Å–Ω—ã–º–∏ –ø—Ä–æ–µ–∫—Ç–∞–º–∏ –≤ —Å—Ñ–µ—Ä–µ —Ä–∞–∑—Ä–∞–±–æ—Ç–∫–∏ –ø—Ä–æ–≥—Ä–∞–º–º–Ω–æ–≥–æ –æ–±–µ—Å–ø–µ—á–µ–Ω–∏—è, –∞–≤—Ç–æ–º–∞—Ç–∏–∑–∏—Ä—É—è —Ä—É—á–Ω–æ–π —Ç—Ä—É–¥ —Å–æ—Ç—Ä—É–¥–Ω–∏–∫–æ–≤ –ü–ê–û ""–¢—Ä–∞–Ω—Å–Ω–µ—Ñ—Ç—å""."
4,–û–ø–∏—Å–∞–Ω–∏–µ –≤–∞–∫–∞–Ω—Å–∏–∏,"–ê–Ω–∞–ª–æ–≥–æ–≤ –Ω–∞—à–∏—Ö –ø—Ä–æ–¥—É–∫—Ç–æ–≤ –≤ –º–∏—Ä–µ –ø—Ä–∞–∫—Ç–∏—á–µ—Å–∫–∏ –Ω–µ —Å—É—â–µ—Å—Ç–≤—É–µ—Ç –∏ –∫–∞–∂–¥—ã–π –∏–∑ –Ω–∏—Ö –æ—Å–Ω–æ–≤–∞–Ω –Ω–∞ —Ä–µ–∑—É–ª—å—Ç–∞—Ç–∞—Ö –∏—Å—Å–ª–µ–¥–æ–≤–∞–Ω–∏–π, —Ç–µ—Å—Ç–∏—Ä–æ–≤–∞–Ω–∏—è –≥–∏–ø–æ—Ç–µ–∑ –∏ –º–∞—Ç–µ–º–∞—Ç–∏—á–µ—Å–∫–∏—Ö –∏–∑—ã—Å–∫–∞–Ω–∏–π."
9,–û–±—è–∑–∞–Ω–Ω–æ—Å—Ç–∏,"–ú—ã –ø—Ä–æ–≤–æ–¥–∏–º –≥–ª—É–±–∏–Ω–Ω—ã–µ –∏–Ω—Ç–µ—Ä–≤—å—é, –≤—ã—è–≤–ª—è–µ–º –±–æ–ª–∏ –∑–∞–∏–Ω—Ç–µ—Ä–µ—Å–æ–≤–∞–Ω–Ω—ã—Ö –ª–∏—Ü, –æ–ø—Ä–µ–¥–µ–ª—è–µ–º —Å–ª–∞–±—ã–µ —Å—Ç–æ—Ä–æ–Ω—ã —Å—É—â–µ—Å—Ç–≤—É—é—â–µ–≥–æ –Ω–∞ –ø—Ä–æ–∏–∑–≤–æ–¥—Å—Ç–≤–µ —Å–æ—Ñ—Ç–∞ –∏ –∏—Å—Ö–æ–¥—è –∏–∑ –ø–æ–ª—É—á–µ–Ω–Ω—ã—Ö –ø—Ä–µ–¥–ø–æ—Å—ã–ª–æ–∫ —Ñ–æ—Ä–º–∏—Ä—É–µ–º –¥–µ–π—Å—Ç–≤–∏—Ç–µ–ª—å–Ω–æ –ø–æ–ª–µ–∑–Ω—ã–π –¥–ª—è –∫–æ–Ω–µ—á–Ω–æ–≥–æ –ø–æ–ª—å–∑–æ–≤–∞—Ç–µ–ª—è –ø—Ä–æ–¥—É–∫—Ç."
9,–û–±—è–∑–∞–Ω–Ω–æ—Å—Ç–∏,"–í –¥–∞–Ω–Ω—ã–π –º–æ–º–µ–Ω—Ç —Ñ–æ—Ä–º–∏—Ä—É–µ—Ç—Å—è –∫–æ–º–∞–Ω–¥–∞ –¥–ª—è –Ω–æ–≤—ã—Ö –ø—Ä–æ–µ–∫—Ç–æ–≤ –∞–≤—Ç–æ–º–∞—Ç–∏–∑–∞—Ü–∏–∏ —Ç—Ä–∞–Ω—Å–ø–æ—Ä—Ç–Ω–æ–≥–æ, —Ç–µ—Ö–Ω–æ–ª–æ–≥–∏—á–µ—Å–∫–æ–≥–æ –∏ –¥–∏—Å–ø–µ—Ç—á–µ—Ä—Å–∫–æ–≥–æ —Å–µ–∫—Ç–æ—Ä–æ–≤ –ü–ê–û ""–¢—Ä–∞–Ω—Å–Ω–µ—Ñ—Ç—å"" –∏ –Ω–∞–º –Ω—É–∂–Ω—ã –∞–Ω–∞–ª–∏—Ç–∏–∫–∏-–º–∞—Ç–µ–º–∞—Ç–∏–∫–∏ —Å–æ –∑–Ω–∞–Ω–∏—è–º–∏ –≤—ã—Å—à–µ–π –º–∞—Ç–µ–º–∞—Ç–∏–∫–∏, —Ç–µ–æ—Ä–∏–∏ –≥—Ä–∞—Ñ–æ–≤, —Ä–µ—à–µ–Ω–∏–∏ –æ–ø—Ç–∏–º–∏–∑–∞—Ü–∏–æ–Ω–Ω—ã—Ö –∑–∞–¥–∞—á, –∞–ª–≥–æ—Ä–∏—Ç–º–æ–≤ –∏/–∏–ª–∏ —Ñ–∏–∑–∏–∫–∏ —Ç–µ—á–µ–Ω–∏—è –∂–∏–¥–∫–æ—Å—Ç–∏."
9,–û–±—è–∑–∞–Ω–Ω–æ—Å—Ç–∏,"–ö–∞–Ω–¥–∏–¥–∞—Ç –º–æ–∂–µ—Ç –±—ã—Ç—å –∫–∞–∫ —ç–∫—Å–ø–µ—Ä—Ç–æ–º –≤ –æ–¥–Ω–æ–π –∏–∑ –ø–µ—Ä–µ—á–∏—Å–ª–µ–Ω–Ω—ã—Ö –æ–±–ª–∞—Å—Ç–µ–π, —Ç–∞–∫ –∏ –æ–±–ª–∞–¥–∞—Ç—å –¥–æ—Å—Ç–∞—Ç–æ—á–Ω–æ–π —ç—Ä—É–¥–∏—Ü–∏–µ–π, —á—Ç–æ–±—ã –ø–æ–≥—Ä—É–∑–∏—Ç—å—Å—è –≤ –∑–∞–¥–∞—á–∏ –∏–∑ –Ω–µ—Å–∫–æ–ª—å–∫–∏—Ö –æ–±–ª–∞—Å—Ç–µ–π —Å—Ä–∞–∑—É."
11,–¢—Ä–µ–±–æ–≤–∞–Ω–∏—è,"–ë–æ–ª—å—à–∏–º –ø–ª—é—Å–æ–º –±—É–¥–µ—Ç –æ–ø—ã—Ç –ø—Ä–æ–≥—Ä–∞–º–º–∏—Ä–æ–≤–∞–Ω–∏—è –Ω–∞ –ª—é–±–æ–º —è–∑—ã–∫–µ, –Ω–∞–∏–±–æ–ª–µ–µ —Ä–µ–ª–µ–≤–∞–Ω—Ç–Ω—ã - Python, Matlab."
9,–û–±—è–∑–∞–Ω–Ω–æ—Å—Ç–∏,–û–± –æ—Å–Ω–æ–≤–Ω—ã—Ö –∑–∞–¥–∞—á–∞—Ö:
9,–û–±—è–∑–∞–Ω–Ω–æ—Å—Ç–∏,‚ñ™Ô∏è–ú–∞—Ç–µ–º–∞—Ç–∏—á–µ—Å–∫–∞—è –ø–æ—Å—Ç–∞–Ω–æ–≤–∫–∞ –∞–≤—Ç–æ–º–∞—Ç–∏–∑–∏—Ä—É–µ–º—ã—Ö –±–∏–∑–Ω–µ—Å-–∑–∞–¥–∞—á;
9,–û–±—è–∑–∞–Ω–Ω–æ—Å—Ç–∏,‚ñ™Ô∏è–§–æ—Ä–º–∏—Ä–æ–≤–∞–Ω–∏–µ –ø—Ä–æ—Ç–æ—Ç–∏–ø–æ–≤ –∞–ª–≥–æ—Ä–∏—Ç–º–æ–≤ –Ω–∞ –æ—Å–Ω–æ–≤–µ –∏–º–µ—é—â–∏—Ö—Å—è –º–µ—Ç–æ–¥–∏–∫ —Ä–µ—à–µ–Ω–∏—è –ø—Ä–∏–∫–ª–∞–¥–Ω—ã—Ö –∑–∞–¥–∞—á;
9,–û–±—è–∑–∞–Ω–Ω–æ—Å—Ç–∏,‚ñ™Ô∏è–£—á–∞—Å—Ç–∏–µ –≤ —Ä–∞–∑—Ä–∞–±–æ—Ç–∫–µ –∞–ª–≥–æ—Ä–∏—Ç–º–æ–≤ —Ä–µ—à–µ–Ω–∏—è –Ω–æ–≤—ã—Ö –ø—Ä–∏–∫–ª–∞–¥–Ω—ã—Ö –∑–∞–¥–∞—á;
11,–¢—Ä–µ–±–æ–≤–∞–Ω–∏—è,‚ñ™Ô∏è–§–æ—Ä–º–∏—Ä–æ–≤–∞–Ω–∏–µ —Ç–µ—Ö–Ω–∏—á–µ—Å–∫–æ–≥–æ –æ–ø–∏—Å–∞–Ω–∏—è –∞–ª–≥–æ—Ä–∏—Ç–º–æ–≤  –¥–ª—è –∏–º–ø–ª–µ–º–µ–Ω—Ç–∞—Ü–∏–∏ —Ä–∞–∑—Ä–∞–±–æ—Ç–∞–Ω–Ω—ã—Ö –∞–ª–≥–æ—Ä–∏—Ç–º–æ–≤ –≤ –ø—Ä–æ–º—ã—à–ª–µ–Ω–Ω—ã–π –∫–æ–¥ —Ä–∞–∑—Ä–∞–±–æ—Ç—á–∏–∫–∞–º–∏ –ü–û;
9,–û–±—è–∑–∞–Ω–Ω–æ—Å—Ç–∏,‚ñ™Ô∏è–£—á–∞—Å—Ç–∏–µ –≤ —é–Ω–∏—Ç-—Ç–µ—Å—Ç–∏—Ä–æ–≤–∞–Ω–∏–∏ –∏ –≤–µ—Ä–∏—Ñ–∏–∫–∞—Ü–∏–∏ –≤–Ω–µ–¥—Ä–µ–Ω–Ω—ã—Ö —Ä–∞–∑—Ä–∞–±–æ—Ç—á–∏–∫–∞–º–∏ —Ä–µ—à–µ–Ω–∏–π;
9,–û–±—è–∑–∞–Ω–Ω–æ—Å—Ç–∏,"‚ñ™Ô∏è–í–∑–∞–∏–º–æ–¥–µ–π—Å—Ç–≤–∏–µ —Å–æ –≤—Å–µ–º–∏ —É—á–∞—Å—Ç–Ω–∏–∫–∞–º–∏ –ø—Ä–æ—Ü–µ—Å—Å–∞: –∑–∞–∫–∞–∑—á–∏–∫–∞–º–∏, –¥–∏–∑–∞–π–Ω–µ—Ä–∞–º–∏, —Ä–∞–∑—Ä–∞–±–æ—Ç—á–∏–∫–∞–º–∏, —Ç–µ—Å—Ç–∏—Ä–æ–≤—â–∏–∫–∞–º–∏ –∏ –º–µ–Ω–µ–¥–∂–µ—Ä–∞–º–∏;"
11,–¢—Ä–µ–±–æ–≤–∞–Ω–∏—è,‚ñ™Ô∏è–£—á–∞—Å—Ç–∏–µ –≤ –∫–æ–Ω—Å—É–ª—å—Ç–∞—Ç–∏–≤–Ω–æ–π —Ä–æ–ª–∏ –ø—Ä–∏ –Ω–∞–ø–∏—Å–∞–Ω–∏–∏ –ø—Ä–æ–µ–∫—Ç–Ω–æ–π –¥–æ–∫—É–º–µ–Ω—Ç–∞—Ü–∏–∏ –ø–æ —Å—Ç–∞–Ω–¥–∞—Ä—Ç–∞–º –ì–û–°–¢ —Ç–µ—Ö–Ω–∏—á–µ—Å–∫–∏–º–∏ –ø–∏—Å–∞—Ç–µ–ª—è–º–∏;
1,–ö–æ–Ω—Ç–∞–∫—Ç,–° –≤–æ–ø—Ä–æ—Å–∞–º–∏ –∏ –ø—Ä–µ–¥–ª–æ–∂–µ–Ω–∏—è–º–∏ –∫: @konstantin_tosakov
7,–ü–æ–∑–∏—Ü–∏—è,"–°–∏—Å—Ç–µ–º–Ω—ã–π —Ä–∞–∑—Ä–∞–±–æ—Ç—á–∏–∫ –Ω–∞ C. Middle, middle+"
10,–ê–¥—Ä–µ—Å –æ—Ñ–∏—Å–∞,"–ì–æ—Ä–æ–¥ –∏ –∞–¥—Ä–µ—Å –æ—Ñ–∏—Å–∞: –≥. –ß–µ—Ä–Ω–æ–≥–æ–ª–æ–≤–∫–∞, –ü–µ—Ä–≤—ã–π –ø—Ä–æ–µ–∑–¥, –¥."
11,–¢—Ä–µ–±–æ–≤–∞–Ω–∏—è,4
6,–§–æ—Ä–º–∞—Ç —Ä–∞–±–æ—Ç—ã,"–§–æ—Ä–º–∞—Ç —Ä–∞–±–æ—Ç—ã: –æ—Ñ–∏—Å –∏–ª–∏ —É–¥–∞–ª–µ–Ω–∫–∞, –æ–±—Å—É–∂–¥–∞–µ–º–æ"
13,–ó–∞–Ω—è—Ç–æ—Å—Ç—å,"–ó–∞–Ω—è—Ç–æ—Å—Ç—å: –ø–æ–ª–Ω–∞—è, —á–∞—Å—Ç–∏—á–Ω–∞—è, –æ–±—Å—É–∂–¥–∞–µ–º–æ"
12,–ó–∞—Ä–ø–ª–∞—Ç–∞,–ó–∞—Ä–ø–ª–∞—Ç–Ω–∞—è –≤–∏–ª–∫–∞: –æ—Ç 110–∫ –¥–æ 200–∫
11,–¢—Ä–µ–±–æ–≤–∞–Ω–∏—è,–ù–µ–æ–±—Ö–æ–¥–∏–º—ã–π –º–∏–Ω–∏–º—É–º:
11,–¢—Ä–µ–±–æ–≤–∞–Ω–∏—è,"‚Äî –ö–æ–º–º–µ—Ä—á–µ—Å–∫–∏–π –æ–ø—ã—Ç —Ä–∞–∑—Ä–∞–±–æ—Ç–∫–∏ –Ω–∞ —è–∑—ã–∫–µ C –æ—Ç 2 –ª–µ—Ç, –µ—Å—Ç—å –∑–∞–≤–µ—Ä—à–µ–Ω–Ω—ã–µ –ø—Ä–æ–µ–∫—Ç—ã –≤ –ø—Ä–æ–¥–∞–∫—à–µ–Ω–µ;"
11,–¢—Ä–µ–±–æ–≤–∞–Ω–∏—è,‚Äî –û–ø—ã—Ç —Ä–∞–∑—Ä–∞–±–æ—Ç–∫–∏ –º–æ–¥—É–ª–µ–π —è–¥—Ä–∞ Linux;
11,–¢—Ä–µ–±–æ–≤–∞–Ω–∏—è,"‚Äî –û—Ç–ª–∏—á–Ω–æ–µ –∑–Ω–∞–Ω–∏–µ —Å–µ—Ç–µ–≤—ã—Ö –ø—Ä–æ—Ç–æ–∫–æ–ª–æ–≤, –æ–ø—ã—Ç —Ä–∞–±–æ—Ç—ã —Å –Ω–∏–º–∏;"
11,–¢—Ä–µ–±–æ–≤–∞–Ω–∏—è,‚Äî –ï—Å—Ç—å —Ö–æ—Ä–æ—à–µ–µ –ø–æ–Ω–∏–º–∞–Ω–∏–µ –≤ —Å—Ñ–µ—Ä–µ –∏–Ω—Ç–µ—Ä–Ω–µ—Ç –±–µ–∑–æ–ø–∞—Å–Ω–æ—Å—Ç–∏;
9,–û–±—è–∑–∞–Ω–Ω–æ—Å—Ç–∏,‚Äî –ñ–µ–ª–∞–Ω–∏–µ —Ä–∞–∑–±–∏—Ä–∞—Ç—å—Å—è —Å –Ω–æ–≤–µ–π—à–∏–º–∏ –≤–µ—è–Ω–∏—è–º–∏ –≤ –æ–±–ª–∞—Å—Ç–∏ —Å–µ—Ç–µ–π –∏ —Ä–∞–∑—Ä–∞–±–æ—Ç–∫–∏ –ø—Ä–æ–≥—Ä–∞–º–º–Ω–æ–≥–æ –æ–±–µ—Å–ø–µ—á–µ–Ω–∏—è –¥–ª—è –Ω–∏—Ö;
11,–¢—Ä–µ–±–æ–≤–∞–Ω–∏—è,–ë—É–¥–µ—Ç –ø–ª—é—Å–æ–º:
11,–¢—Ä–µ–±–æ–≤–∞–Ω–∏—è,"‚Äî –ù–∞–ª–∏—á–∏–µ —Å–µ—Ä—Ç–∏—Ñ–∏–∫–∞—Ç–æ–≤ –æ –ø—Ä–æ—Ö–æ–∂–¥–µ–Ω–∏–∏ –∫—É—Ä—Å–æ–≤ –ø–æ –∏–Ω—Ñ–æ—Ä–º–∞—Ü–∏–æ–Ω–Ω–æ–π –±–µ–∑–æ–ø–∞—Å–Ω–æ—Å—Ç–∏ –∏ —Å–µ—Ç–µ–≤—ã—Ö, –Ω–∞–ø—Ä–∏–º–µ—Ä Cisco;"
11,–¢—Ä–µ–±–æ–≤–∞–Ω–∏—è,"‚Äî –ï—Å–ª–∏ –≤—ã —Ö–æ—Ç–∏—Ç–µ –ø–µ—Ä–µ–µ—Ö–∞—Ç—å –≤ –ú–æ—Å–∫–æ–≤—Å–∫—É—é –æ–±–ª–∞—Å—Ç—å (–ß–µ—Ä–Ω–æ–≥–æ–ª–æ–≤–∫–∞), –Ω–æ –Ω–µ –æ–±—è–∑–∞—Ç–µ–ª—å–Ω–æ."
13,–ó–∞–Ω—è—Ç–æ—Å—Ç—å,–ü–æ–º–æ–∂–µ–º —Å –ø–µ—Ä–µ–µ–∑–¥–æ–º;
9,–û–±—è–∑–∞–Ω–Ω–æ—Å—Ç–∏,–ó–∞–¥–∞—á–∏:
9,–û–±—è–∑–∞–Ω–Ω–æ—Å—Ç–∏,"‚Äî –†–∞–∑—Ä–∞–±–æ—Ç–∫–∞ —Å–∏—Å—Ç–µ–º –¥–µ—à–∏—Ñ—Ä–æ–≤–∫–∏, –æ–±—Ä–∞–±–æ—Ç–∫–∏, —à–∏—Ñ—Ä–æ–≤–∞–Ω–∏—è —Ç—Ä–∞—Ñ–∏–∫–∞ –Ω–∞ —Ä–∞–∑–ª–∏—á–Ω—ã—Ö —Å–µ—Ç–µ–≤—ã—Ö –ø—Ä–æ—Ç–æ–∫–æ–ª–∞—Ö;"
9,–û–±—è–∑–∞–Ω–Ω–æ—Å—Ç–∏,‚Äî –†–∞–∑—Ä–∞–±–æ—Ç–∫–∞ –º–æ–¥—É–ª–µ–π —è–¥—Ä–∞ –∏ –¥—Ä—É–≥–∏—Ö –∫–æ–º–ø–æ–Ω–µ–Ω—Ç–æ–≤ —Å–∏—Å—Ç–µ–º—ã Linux;
9,–û–±—è–∑–∞–Ω–Ω–æ—Å—Ç–∏,‚Äî –ò—Å—Å–ª–µ–¥–æ–≤–∞–Ω–∏–µ –Ω–æ–≤—ã—Ö —Å–µ—Ç–µ–≤—ã—Ö –ø—Ä–æ—Ç–æ–∫–æ–ª–æ–≤ –∏ –¥–æ—Ä–∞–±–æ—Ç–∫–∞ –ø—Ä–µ–¥—ã–¥—É—â–∏—Ö —Ä–µ—à–µ–Ω–∏–π –ø–æ —Ä–µ–∑—É–ª—å—Ç–∞—Ç–∞–º –∏—Å—Å–ª–µ–¥–æ–≤–∞–Ω–∏–π;
3,–ù–∞–∑–≤–∞–Ω–∏–µ –∫–æ–º–ø–∞–Ω–∏–∏,–ù–∞–∑–≤–∞–Ω–∏–µ –∫–æ–º–ø–∞–Ω–∏–∏: https://artx.ru/
4,–û–ø–∏—Å–∞–Ω–∏–µ –≤–∞–∫–∞–Ω—Å–∏–∏,–ù–∞—à–∞ –∫–æ–º–∞–Ω–¥–∞ —Å–æ–∑–¥–∞–µ—Ç —Å–æ—Ñ—Ç –¥–ª—è –≥–æ—Ä–æ–¥—Å–∫–æ–π —Å—Ä–µ–¥—ã –∏ –±–∏–∑–Ω–µ—Å–∞.
11,–¢—Ä–µ–±–æ–≤–∞–Ω–∏—è,"–ú—ã –¥–µ–ª–∞–µ–º –¥–æ—Å—Ç—É–ø–Ω—ã–º–∏ –∏ –±–µ–∑–æ–ø–∞—Å–Ω—ã–º–∏ –∏–Ω—Å—Ç—Ä—É–º–µ–Ω—Ç—ã, –Ω–∞–ø—Ä–∞–≤–ª–µ–Ω–Ω—ã–µ –Ω–∞ –∞–≤—Ç–æ–º–∞—Ç–∏–∑–∞—Ü–∏—é —Å–∏—Å—Ç–µ–º –≥–æ—Ä–æ–¥—Å–∫–æ–≥–æ –∂–∏–∑–Ω–µ–æ–±–µ—Å–ø–µ—á–µ–Ω–∏—è, –±–∏–∑–Ω–µ—Å–∞ –∏ –∑–∞—â–∏—Ç—É —Å–µ—Ç–µ–≤–æ–≥–æ —Ç—Ä–∞—Ñ–∏–∫–∞."
17,–£—Å–ª–æ–≤–∏—è —Ä–∞–±–æ—Ç—ã,–ú—ã –∞–∫–∫—Ä–µ–¥–∏—Ç–æ–≤–∞–Ω–Ω–∞—è IT-–∫–æ–º–ø–∞–Ω–∏—è + —Ç–µ–ª–µ–∫–æ–º–º–º—É–Ω–∏–∫–∞—Ü–∏–æ–Ω–Ω–∞—è –∫–æ–º–ø–∞–Ω–∏—è - —ç—Ç–æ –¥–≤–æ–π–Ω–∞—è –æ—Ç—Å—Ä–æ—á–∫–∞ –æ—Ç –∞—Ä–º–∏–∏ –¥–ª—è –Ω–∞—à–∏—Ö —Ä–∞–±–æ—Ç–Ω–∏–∫–æ–≤.
0,–ú—É—Å–æ—Ä,"–ï—Å–ª–∏ –∑–∞–∏–Ω—Ç–µ—Ä–µ—Å–æ–≤–∞–ª–æ, –ø–∏—à–∏—Ç–µ @tasyakemova"
0,–ú—É—Å–æ—Ä,–ü—Ä–∏–≤–µ—Ç!
4,–û–ø–∏—Å–∞–Ω–∏–µ –≤–∞–∫–∞–Ω—Å–∏–∏,"–ú–µ–Ω—è –∑–æ–≤—É—Ç –ê—Ä—Ç—É—Ä –°–∞–º–∏–≥—É–ª–ª–∏–Ω, —è —Ç–∏–º–ª–∏–¥ –ø—Ä–æ–¥—É–∫—Ç–æ–≤—ã—Ö –∏ BI-–∞–Ω–∞–ª–∏—Ç–∏–∫–æ–≤ SberDevices."
7,–ü–æ–∑–∏—Ü–∏—è,–ò—â—É middle+/senior –ø—Ä–æ–¥—É–∫—Ç–æ–≤–æ–≥–æ –∞–Ω–∞–ª–∏—Ç–∏–∫–∞ –Ω–∞ –Ω–∞–ø—Ä–∞–≤–ª–µ–Ω–∏–µ –ø–æ –º–æ–±–∏–ª—å–Ω–æ–º—É –ø—Ä–∏–ª–æ–∂–µ–Ω–∏—é –°–∞–ª—é—Ç–ê–ø–ø (iOS+Android).
17,–£—Å–ª–æ–≤–∏—è —Ä–∞–±–æ—Ç—ã,"–í–∏–ª–∫–∞ 200-400–∫ –¥–æ –≤—ã—á–µ—Ç–∞ –Ω–∞–ª–æ–≥–æ–≤, –≤–æ–∑–º–æ–∂–Ω–∞ —É–¥–∞–ª–µ–Ω–Ω–∞—è —Ä–∞–±–æ—Ç–∞ –ø–æ –†–§ –≤ –ú–æ—Å–∫–æ–≤—Å–∫–æ–º —á–∞—Å–æ–≤–æ–º –ø–æ—è—Å–µ."
7,–ü–æ–∑–∏—Ü–∏—è,"–° –Ω–∞—Å –∏–Ω—Ç–µ—Ä–µ—Å–Ω—ã–µ –∑–∞–¥–∞—á–∏ –ø–æ –ø—Ä–æ–¥—É–∫—Ç–æ–≤–æ–π –∞–Ω–∞–ª–∏—Ç–∏–∫–µ –Ω–∞–ø—Ä–∞–≤–ª–µ–Ω–∏—è –∏ –≤–æ–∑–º–æ–∂–Ω–æ—Å—Ç—å –≤—ã—Å—Ç—Ä–æ–∏—Ç—å –∞–Ω–∞–ª–∏—Ç–∏–∫—É –Ω–∞–ø—Ä–∞–≤–ª–µ–Ω–∏—è, —Å –≤–∞—Å - –≥–æ—Ä—è—â–∏–µ –≥–ª–∞–∑–∞, –æ–ø—ã—Ç –∏ —Å–∫–∏–ª–ª—ã –∏–∑ –æ–ø–∏—Å–∞–Ω–∏—è –≤–∞–∫–∞–Ω—Å–∏–∏."
11,–¢—Ä–µ–±–æ–≤–∞–Ω–∏—è,–û—Ç–∫–ª–∏–∫–∞—Ç—å—Å—è –ø–æ —Å—Å—ã–ª–∫–µ:
11,–¢—Ä–µ–±–æ–≤–∞–Ω–∏—è,https://hh.ru/vacancy/70994461
10,–ê–¥—Ä–µ—Å –æ—Ñ–∏—Å–∞,"NVI Research / NVI Solutions, –ú–æ—Å–∫–≤–∞"
14,–°–∞–π—Ç –∫–æ–º–ø–∞–Ω–∏–∏,nvi-research.ru
11,–¢—Ä–µ–±–æ–≤–∞–Ω–∏—è,–ò–ù–§–û
11,–¢—Ä–µ–±–æ–≤–∞–Ω–∏—è,–î–µ–ª–∞–µ–º –∫—Ä—É—Ç–µ–π—à—É—é —Å–∏—Å—Ç–µ–º—É –≤–∏–¥–µ–æ–∞–Ω–∞–ª–∏—Ç–∏–∫–∏ owl.Guard.
11,–¢—Ä–µ–±–æ–≤–∞–Ω–∏—è,"–í–Ω–µ–¥—Ä—è–µ–º AI –Ω–∞ —Ç—è–∂–µ–ª–µ–π—à–∏—Ö –ø—Ä–æ–∏–∑–≤–æ–¥—Å—Ç–≤–∞—Ö, –ø–æ–º–æ–≥–∞–µ–º —Ä–∞–±–æ—Ç—è–≥–∞–º –≤–µ—Ä–Ω—É—Ç—å—Å—è –¥–æ–º–æ–π —Å –≤–∞—Ö—Ç—ã –∂–∏–≤—ã–º–∏, –∞ —Ä—É–∫–æ–≤–æ–¥—Å—Ç–≤—É - —Å–Ω–∏–∑–∏—Ç—å –∫–æ—Å—Ç—ã –Ω–∞ —Ç—Ä–∞–≤–º–∞—Ç–∏–∑–º & –ø—Ä–µ–¥–æ—Ç–≤—Ä–∞—Ç–∏—Ç—å –∏–Ω—Ü–∏–¥–µ–Ω—Ç—ã."
9,–û–±—è–∑–∞–Ω–Ω–æ—Å—Ç–∏,"–ü–æ –∫–∞–º–µ—Ä–∞–º (—Å—Ç–∞–Ω—Ü–∏–æ–Ω–∞—Ä–Ω—ã–µ + PTZ + —Ç–µ–ø–ª–æ–≤–∏–∑–æ—Ä—ã) —Ä–µ—à–∞–µ–º –º–Ω–æ–∂–µ—Å—Ç–≤–æ CV –∑–∞–¥–∞—á - –¥–µ—Ç–µ–∫—Ç–∏—Ä—É–µ–º, —Ç—Ä–µ—á–∏–º, –∏–¥–µ–Ω—Ç–∏—Ñ–∏—Ü–∏—Ä—É–µ–º, –ª–æ–∫–∞–ª–∏–∑—É–µ–º –ª—é–¥–µ–π –≤ 3D; –ø–æ–Ω–∏–º–∞–µ–º, —á—Ç–æ –ª—é–¥–∏ –Ω–∞–¥–µ–≤–∞—é—Ç –∫–∞—Å–∫–∏, —Ä–µ—Å–ø–∏—Ä–∞—Ç–æ—Ä—ã, –æ—á–∫–∏ –∏ —Ç.–¥."
11,–¢—Ä–µ–±–æ–≤–∞–Ω–∏—è,–∏ —Ç.–ø.
17,–£—Å–ª–æ–≤–∏—è —Ä–∞–±–æ—Ç—ã,"–°–∏—Å—Ç–µ–º–∞ —Ä–∞–±–æ—Ç–∞–µ—Ç 24/7/365 –Ω–∞ –Ω–µ—Ñ—Ç–µ–≥–∞–∑–æ–≤—ã—Ö –æ–±—ä–µ–∫—Ç–∞—Ö –≤ –ó–∞–ø–æ–ª—è—Ä—å–µ —Å –æ—Ç–≤—Ä–∞—Ç–∏—Ç–µ–ª—å–Ω—ã–º –∏–Ω—Ç–µ—Ä–Ω–µ—Ç–æ–º –∏ —Ç—è–∂–µ–ª–µ–π—à–∏–º –º–æ–Ω—Ç–∞–∂–æ–º –æ–±–æ—Ä—É–¥–æ–≤–∞–Ω–∏—è, –∞ –¥–µ—Ç–µ–∫—Ç–æ—Ä—ã –¥–æ–ª–∂–Ω—ã –≤—ã–¥–∞–≤–∞—Ç—å –æ—Ç–ª–∏—á–Ω–æ–µ –∫–∞—á–µ—Å—Ç–≤–æ –≤ —É—Å–ª–æ–≤–∏—è—Ö —Ç—Ä—è—Å–∫–∏, –∑–∞–≥—Ä—è–∑–Ω–µ–Ω–∏—è –≤–∏–¥–µ–æ–∫–∞–º–µ—Ä, –ø–ª–æ—Ö–æ–π –≤–∏–¥–∏–º–æ—Å—Ç–∏."
9,–û–±—è–∑–∞–Ω–Ω–æ—Å—Ç–∏,–ë—ã—Å—Ç—Ä–æ —Ä–∞—Å—Ç–µ–º –∏ –Ω–∞–º –Ω—É–∂–Ω—ã –Ω–æ–≤—ã–µ —Å–∏–ª—å–Ω—ã–µ –ª—é–¥–∏
17,–£—Å–ª–æ–≤–∏—è —Ä–∞–±–æ—Ç—ã,–£–°–õ–û–í–ò–Ø
10,–ê–¥—Ä–µ—Å –æ—Ñ–∏—Å–∞,"- —Ç–æ–ª—å–∫–æ –æ—Ñ–∏—Å, –≤ –∏—Å–∫–ª—é—á–∏—Ç–µ–ª—å–Ω—ã—Ö —Å–ª—É—á–∞—è—Ö —Ä–∞—Å—Å–º–æ—Ç—Ä–∏–º –≥–∏–±—Ä–∏–¥"
10,–ê–¥—Ä–µ—Å –æ—Ñ–∏—Å–∞,- —É—é—Ç–Ω—ã–π –æ—Ñ–∏—Å –Ω–∞ –®–∞–±–æ–ª–æ–≤—Å–∫–æ–π
5,–û–ø–∏—Å–∞–Ω–∏–µ –∫–æ–º–ø–∞–Ω–∏–∏,"- —Å–∏–ª—å–Ω–∞—è –∫–æ–º–∞–Ω–¥–∞, –ø–æ—á—Ç–∏ –≤—Å–µ —Å —Ñ–∏–∑—Ç–µ—Ö–∞"
11,–¢—Ä–µ–±–æ–≤–∞–Ω–∏—è,"- —Ä–∞–±–æ—Ç–∞ —Å –∫—Ä—É–ø–Ω—ã–º–∏ –Ω–∞–¥–µ–∂–Ω—ã–º–∏ –∑–∞–∫–∞–∑—á–∏–∫–∞–º–∏ - –ì–∞–∑–ø—Ä–æ–º-–ù–µ—Ñ—Ç—å, –ù–õ–ú–ö"
17,–£—Å–ª–æ–≤–∏—è —Ä–∞–±–æ—Ç—ã,"- –∞–∫–∫—Ä–µ–¥–∏—Ç–æ–≤–∞–Ω–Ω–∞—è –ò–¢-–∫–æ–º–ø–∞–Ω–∏—è, —Ä–µ–∑–∏–¥–µ–Ω—Ç –°–∫–æ–ª–∫–æ–≤–æ, –ø–æ–¥–¥–µ—Ä–∂–∏–≤–∞–µ–º –∫—Ä–∏—Ç–∏—á–µ—Å–∫—É—é –∏–Ω—Ñ—Ä–∞—Å—Ç—Ä—É–∫—Ç—É—Ä—É"
15,–î–æ–ø. –ò–Ω—Ñ–æ—Ä–º–∞—Ü–∏—è,–ù–£–ñ–ù–´ (–≤ –º–æ—é –∫–æ–º–∞–Ω–¥—É)
11,–¢—Ä–µ–±–æ–≤–∞–Ω–∏—è,"–∏–Ω–∂–µ–Ω–µ—Ä –ø–æ —Ä–∞–±–æ—Ç–µ —Å –¥–∞–Ω–Ω—ã–º–∏ (—Å—Ç–∞–∂–µ—Ä / –¥–∂—É–Ω), 50-70–∫ –Ω–∞ —Ä—É–∫–∏"
9,–û–±—è–∑–∞–Ω–Ω–æ—Å—Ç–∏,–ó–∞–¥–∞—á–∏
4,–û–ø–∏—Å–∞–Ω–∏–µ –≤–∞–∫–∞–Ω—Å–∏–∏,- –≥–æ—Ç–æ–≤–∏—Ç—å –Ω–∞–±–æ—Ä—ã –¥–∞–Ω–Ω—ã—Ö –¥–ª—è –æ–±—É—á–µ–Ω–∏—è –¥–µ—Ç–µ–∫—Ç–æ—Ä–æ–≤
9,–û–±—è–∑–∞–Ω–Ω–æ—Å—Ç–∏,- –ø–æ–ª—É—á–∞—Ç—å & –æ–±—Ä–∞–±–∞—Ç—ã–≤–∞—Ç—å –¥–∞–Ω–Ω—ã–µ —Å —Ä–∞–∑–ª–∏—á–Ω—ã—Ö –∏–Ω—Å—Ç–∞–Ω—Å–æ–≤ —Å–∏—Å—Ç–µ–º—ã
11,–¢—Ä–µ–±–æ–≤–∞–Ω–∏—è,"CV / ML / DL –∏–Ω–∂–µ–Ω–µ—Ä (–¥–∂—É–Ω / –º–∏–¥–ª), 100-160k –Ω–∞ —Ä—É–∫–∏"
9,–û–±—è–∑–∞–Ω–Ω–æ—Å—Ç–∏,–ó–∞–¥–∞—á–∏
11,–¢—Ä–µ–±–æ–≤–∞–Ω–∏—è,"- —Ä–∞–∑—Ä–∞–±–æ—Ç–∫–∞, –ø—Ä–æ—Ç–æ—Ç–∏–ø–∏—Ä–æ–≤–∞–Ω–∏–µ –∏ —É–ª—É—á—à–µ–Ω–∏–µ ML –∞–ª–≥–æ—Ä–∏—Ç–º–æ–≤"
11,–¢—Ä–µ–±–æ–≤–∞–Ω–∏—è,"- —Ä–∞–±–æ—Ç–∞ —Å –¥–∞–Ω–Ω—ã–º–∏ (—Å—É—â–µ—Å—Ç–≤—É—é—â–∏–µ –¥–∞—Ç–∞—Å–µ—Ç—ã, –ø–æ–∏—Å–∫ –æ—à–∏–±–æ–∫)"
11,–¢—Ä–µ–±–æ–≤–∞–Ω–∏—è,- –∞–Ω–∞–ª–∏–∑ –ø–æ–≤–µ–¥–µ–Ω–∏—è –¥–µ—Ç–µ–∫—Ç–æ—Ä–æ–≤ –≤ –ø—Ä–æ–¥–µ
11,–¢—Ä–µ–±–æ–≤–∞–Ω–∏—è,–¢—Ä–µ–±–æ–≤–∞–Ω–∏—è
11,–¢—Ä–µ–±–æ–≤–∞–Ω–∏—è,- –æ–ø—ã—Ç —Ä–µ—à–µ–Ω–∏—è CV –∑–∞–¥–∞—á
11,–¢—Ä–µ–±–æ–≤–∞–Ω–∏—è,- —É–≤–µ—Ä–µ–Ω–Ω–æ–µ –∑–Ω–∞–Ω–∏–µ Python + —Å—Ç–∞–Ω–¥–∞—Ä—Ç–Ω–æ–≥–æ ML —Å—Ç–µ–∫–∞
1,–ö–æ–Ω—Ç–∞–∫—Ç,- –±–∞–∑–æ–≤–æ–µ —É–º–µ–Ω–∏–µ —á–∏—Ç–∞—Ç—å –∏ –ø–∏—Å–∞—Ç—å –°++
11,–¢—Ä–µ–±–æ–≤–∞–Ω–∏—è,"- –æ—Ç—Å—É—Ç—Å—Ç–≤–∏–µ —Å—Ç—Ä–∞—Ö–∞ –ø–µ—Ä–µ–¥: docker compose, CI/CD, gtest/unittest, CUDA driver version mismatch"
15,–î–æ–ø. –ò–Ω—Ñ–æ—Ä–º–∞—Ü–∏—è,"–ù–£–ñ–ù–´ (–≤ —Å–æ—Å–µ–¥–Ω–∏–µ –∫–æ–º–∞–Ω–¥—ã, –¥–µ—Ç–∞–ª–∏ –≤ –ø—Ä–∏–ª–æ–∂–µ–Ω–∏–∏)"
11,–¢—Ä–µ–±–æ–≤–∞–Ω–∏—è,–¥–µ–ª–∞—Ç—å —Å–∏—Å—Ç–µ–º—É –ø–æ–≤–µ—Ä—Ö —è–¥—Ä–∞ —Ä–∞—Å–ø–æ–∑–Ω–∞–≤–∞–Ω–∏—è
12,–ó–∞—Ä–ø–ª–∞—Ç–∞,"- —Å–∏—Å—Ç–µ–º–Ω—ã–π –∞–¥–º–∏–Ω–∏—Å—Ç—Ä–∞—Ç–æ—Ä, 140-180–∫ –Ω–∞ —Ä—É–∫–∏"
11,–¢—Ä–µ–±–æ–≤–∞–Ω–∏—è,–≤—ã–∫–∞—Ç—ã–≤–∞—Ç—å —Å–∏—Å—Ç–µ–º—É –Ω–∞ –≤—Å–µ –æ–±—ä–µ–∫—Ç—ã & –º–æ–Ω–∏—Ç–æ—Ä–∏—Ç—å –µ–µ –ø–æ–∫–∞–∑–∞—Ç–µ–ª–∏
1,–ö–æ–Ω—Ç–∞–∫—Ç,–ö–û–ù–¢–ê–ö–¢–´
11,–¢—Ä–µ–±–æ–≤–∞–Ω–∏—è,https://t.me/lev_t
0,–ú—É—Å–æ—Ä,–í –õ–∞–±–æ—Ä–∞—Ç–æ—Ä–∏–∏ –ú–∞—à–∏–Ω–Ω–æ–≥–æ –ò–Ω—Ç–µ–ª–ª–µ–∫—Ç–∞ –ú–§–¢–ò –æ—Ç–∫—Ä—ã—Ç–∞ –≤–∞–∫–∞–Ω—Å–∏—è –ö–æ–æ–ø–µ—Ä–∞—Ü–∏–æ–Ω–Ω—ã–π –º–µ–Ω–µ–¥–∂–µ—Ä/–ê–¥–º–∏–Ω–∏—Å—Ç—Ä–∞—Ç–æ—Ä –ø—Ä–æ–µ–∫—Ç–æ–≤.
12,–ó–∞—Ä–ø–ª–∞—Ç–∞,–í–∏–ª–∫–∞: 60-120–∫ (–≤ –∑–∞–≤–∏—Å–∏–º–æ—Å—Ç–∏ –æ—Ç –æ–ø—ã—Ç–∞ –∏ –∫–æ–º–ø–µ—Ç–µ–Ω—Ü–∏–π)
6,–§–æ—Ä–º–∞—Ç —Ä–∞–±–æ—Ç—ã,–§–æ—Ä–º–∞—Ç: full-time remote (40 —á–∞—Å–æ–≤/–Ω–µ–¥.)
0,–ú—É—Å–æ—Ä,–õ–∞–±–æ—Ä–∞—Ç–æ—Ä–∏—è –ú–∞—à–∏–Ω–Ω–æ–≥–æ –ò–Ω—Ç–µ–ª–ª–µ–∫—Ç–∞ –ú–§–¢–ò –∏—â–µ—Ç –∞–¥–º–∏–Ω–∏—Å—Ç—Ä–∞—Ç–æ—Ä–∞ –∫–æ–æ–ø–µ—Ä–∞—Ü–∏–æ–Ω–Ω—ã—Ö –ø—Ä–æ–µ–∫—Ç–æ–≤.
4,–û–ø–∏—Å–∞–Ω–∏–µ –≤–∞–∫–∞–Ω—Å–∏–∏,"–ú—ã —Ä–∞–∑—Ä–∞–±–∞—Ç—ã–≤–∞–µ–º –¥–ª—è –∫—Ä—É–ø–Ω—ã—Ö –∫–æ–º–ø–∞–Ω–∏–π –ø—Ä–æ—Ä—ã–≤–Ω—ã–µ —Ä–µ—à–µ–Ω–∏—è –Ω–∞ –æ—Å–Ω–æ–≤–µ –ò–ò –∏ –∏—â–µ–º —Å–ø–µ—Ü–∏–∞–ª–∏—Å—Ç–∞, –∫–æ—Ç–æ—Ä—ã–π –ø–æ–º–æ–∂–µ—Ç –Ω–∞–º –æ—Ä–≥–∞–Ω–∏–∑–æ–≤–∞—Ç—å —Ñ–æ—Ä–º–∞–ª—å–Ω—É—é —Å—Ç–æ—Ä–æ–Ω—É —Ä–µ–∞–ª–∏–∑–∞—Ü–∏–∏ –ø—Ä–æ–µ–∫—Ç–æ–≤."
9,–û–±—è–∑–∞–Ω–Ω–æ—Å—Ç–∏,–û–±—è–∑–∞–Ω–Ω–æ—Å—Ç–∏
11,–¢—Ä–µ–±–æ–≤–∞–Ω–∏—è,- –û—Ä–≥–∞–Ω–∏–∑–∞—Ü–∏—è –∏ –ø—Ä–æ–≤–µ–¥–µ–Ω–∏–µ –≤—Å—Ç—Ä–µ—á —Å –∑–∞–∫–∞–∑—á–∏–∫–∞–º–∏ –∏ –∫–æ–º–∞–Ω–¥–æ–π –ø—Ä–æ–µ–∫—Ç–∞
16,–°—Ç—ç–∫ —Ä–∞–∑—Ä–∞–±–æ—Ç–∫–∏,- –ü–ª–∞–Ω–∏—Ä–æ–≤–∞–Ω–∏–µ —á–µ–ª–æ–≤–µ—á–µ—Å–∫–∏—Ö –∏ –≤—ã—á–∏—Å–ª–∏—Ç–µ–ª—å–Ω—ã—Ö —Ä–µ—Å—É—Ä—Å–æ–≤ –Ω–∞ –ø—Ä–æ–µ–∫—Ç–∞—Ö
15,–î–æ–ø. –ò–Ω—Ñ–æ—Ä–º–∞—Ü–∏—è,- –ü–æ–¥–¥–µ—Ä–∂–∫–∞ –∫–æ–º–º—É–Ω–∏–∫–∞—Ü–∏–∏ –≤–Ω—É—Ç—Ä–∏ –∫–æ–º–∞–Ω–¥—ã
9,–û–±—è–∑–∞–Ω–Ω–æ—Å—Ç–∏,- –†–∞–∑—Ä–∞–±–æ—Ç–∫–∞ –∏ —Å–æ–≥–ª–∞—Å–æ–≤–∞–Ω–∏–µ –ø—Ä–æ–µ–∫—Ç–Ω–æ–π –¥–æ–∫—É–º–µ–Ω—Ç–∞—Ü–∏–∏
9,–û–±—è–∑–∞–Ω–Ω–æ—Å—Ç–∏,- –†–µ—à–µ–Ω–∏–µ –æ—Ä–≥–∞–Ω–∏–∑–∞—Ü–∏–æ–Ω–Ω—ã—Ö –≤–æ–ø—Ä–æ—Å–æ–≤ –≤ —Ä–∞–º–∫–∞—Ö —Ç–µ–∫—É—â–µ–π –ø—Ä–æ–µ–∫—Ç–Ω–æ–π —Ä–∞–±–æ—Ç—ã
16,–°—Ç—ç–∫ —Ä–∞–∑—Ä–∞–±–æ—Ç–∫–∏,- –û—Ä–≥–∞–Ω–∏–∑–∞—Ü–∏—è –∏ –ø—Ä–æ–≤–µ–¥–µ–Ω–∏–µ –ø—Ä–∏–µ–º–∫–∏-—Å–¥–∞—á–∏ –ø—Ä–æ–µ–∫—Ç–æ–≤
4,–û–ø–∏—Å–∞–Ω–∏–µ –≤–∞–∫–∞–Ω—Å–∏–∏,–ù–∞—à–∏ –æ–∂–∏–¥–∞–Ω–∏—è
9,–û–±—è–∑–∞–Ω–Ω–æ—Å—Ç–∏,"- –®–∏—Ä–æ–∫–∏–π –∫—Ä—É–≥–æ–∑–æ—Ä –≤ —Å—Ñ–µ—Ä–∞—Ö Data Science, Machine Learning, Artificial Intelligence"
11,–¢—Ä–µ–±–æ–≤–∞–Ω–∏—è,- –ê–Ω–≥–ª–∏–π—Å–∫–∏–π —è–∑—ã–∫ - –Ω–µ –º–µ–Ω–µ–µ B1
11,–¢—Ä–µ–±–æ–≤–∞–Ω–∏—è,- –û–ø—ã—Ç —Ä–∞–∑—Ä–∞–±–æ—Ç–∫–∏ –ø—Ä–æ–µ–∫—Ç–Ω–æ–π –¥–æ–∫—É–º–µ–Ω—Ç–∞—Ü–∏–∏
17,–£—Å–ª–æ–≤–∏—è —Ä–∞–±–æ—Ç—ã,"- –û—Ç–≤–µ—Ç—Å—Ç–≤–µ–Ω–Ω–æ—Å—Ç—å, –ø—Ä–æ–∞–∫—Ç–∏–≤–Ω–æ—Å—Ç—å, –∫–æ–º–º—É–Ω–∏–∫–∞–±–µ–ª—å–Ω–æ—Å—Ç—å, –Ω–∞—Ü–µ–ª–µ–Ω–Ω–æ—Å—Ç—å –Ω–∞ —Ä–µ–∑—É–ª—å—Ç–∞—Ç"
17,–£—Å–ª–æ–≤–∏—è —Ä–∞–±–æ—Ç—ã,–ú—ã –ø—Ä–µ–¥–ª–∞–≥–∞–µ–º
0,–ú—É—Å–æ—Ä,- –¢—Ä—É–¥–æ—É—Å—Ç—Ä–æ–π—Å—Ç–≤–æ –≤ –ú–§–¢–ò –ª–∏–±–æ –∏–Ω–æ–π —É–¥–æ–±–Ω—ã–π –≤–∞–º —Ñ–æ—Ä–º–∞—Ç –æ—Ñ–æ—Ä–º–ª–µ–Ω–∏—è
17,–£—Å–ª–æ–≤–∏—è —Ä–∞–±–æ—Ç—ã,- –£–¥–∞–ª–µ–Ω–Ω–∞—è —Ä–∞–±–æ—Ç–∞ –∏–ª–∏ —É—é—Ç–Ω—ã–π –æ—Ñ–∏—Å –≤ –î–æ–ª–≥–æ–ø—Ä—É–¥–Ω–æ–º
17,–£—Å–ª–æ–≤–∏—è —Ä–∞–±–æ—Ç—ã,- –ú–æ–ª–æ–¥–æ–π –∫–æ–ª–ª–µ–∫—Ç–∏–≤ –∏ –Ω–µ—Ñ–æ—Ä–º–∞–ª—å–Ω–∞—è —Ä–∞–±–æ—á–∞—è –æ–±—Å—Ç–∞–Ω–æ–≤–∫–∞
16,–°—Ç—ç–∫ —Ä–∞–∑—Ä–∞–±–æ—Ç–∫–∏,- –ò–Ω—Ç–µ—Ä–µ—Å–Ω—ã–µ –ø—Ä–æ–µ–∫—Ç—ã –∏ –ø–µ—Ä–µ–¥–æ–≤—ã–µ —Ä–∞–∑—Ä–∞–±–æ—Ç–∫–∏ –≤ –æ–±–ª–∞—Å—Ç–∏ AI
11,–¢—Ä–µ–±–æ–≤–∞–Ω–∏—è,–ü–æ–¥–∞—Ç—å –∑–∞—è–≤–∫—É –º–æ–∂–Ω–æ –∑–¥–µ—Å—å
11,–¢—Ä–µ–±–æ–≤–∞–Ω–∏—è,–ò—â–µ—Ç—Å—è —á–µ–ª–æ–≤–µ–∫ –¥–ª—è ‚ÄúVC/Startup community manager‚Äù —Ä–æ–ª–∏
11,–¢—Ä–µ–±–æ–≤–∞–Ω–∏—è, ‚ÅÉ –í –ë–∏—à–∫–µ–∫–µ –º–µ—Å—Ç–Ω—ã–µ –∫—Ä—É–ø–Ω—ã–µ –±–∏–∑–Ω–µ—Å–º–µ–Ω—ã –æ—Ç–∫—Ä—ã–≤–∞—é—Ç —Ç–µ—Ö–Ω–æ–ø–∞—Ä–∫ –∏ —Ö–æ—Ç—è—Ç –Ω–∞–ª–∞–¥–∏—Ç—å —Ç–∞–º –≤–µ–Ω—á—É—Ä–Ω—É—é —Ñ—É–Ω–∫—Ü–∏—é
17,–£—Å–ª–æ–≤–∏—è —Ä–∞–±–æ—Ç—ã, ‚ÅÉ –≠—Ç–æ –±—É–¥–µ—Ç —Å–∞–º—ã–π –±–æ–ª—å—à–æ–π —Ç–µ—Ö–Ω–æ–ø–∞—Ä–∫ –≤ –ö–∏—Ä–≥–∏–∑–∏–∏
3,–ù–∞–∑–≤–∞–Ω–∏–µ –∫–æ–º–ø–∞–Ω–∏–∏," ‚ÅÉ –ù—É–∂–Ω–æ –±—É–¥–µ—Ç –æ—Ç–±–∏—Ä–∞—Ç—å –∫–æ–º–ø–∞–Ω–∏–∏ –¥–ª—è —Ç–µ—Ö–Ω–æ–ø–∞—Ä–∫–∞, –æ–±—â–∞—Ç—å—Å—è —Å –∏–Ω–≤–µ—Å—Ç–æ—Ä–∞–º–∏ –∏ –ø–∞—Ä—Ç–Ω–µ—Ä–∞–º–∏ - —Ç–æ—á–Ω–µ–µ –º–æ–∂–Ω–æ –Ω–∞ —Å–æ–±–µ—Å–µ —É–∑–Ω–∞—Ç—å"
7,–ü–æ–∑–∏—Ü–∏—è,"üîå $2-3k –¥—É–º–∞—é, –Ω–æ –ø–æ–∑–∏—Ü–∏—è —É–Ω–∏–∫–∞–ª—å–Ω–∞—è, —Ç—É—Ç –∫–∞–∫ –¥–æ–≥–æ–≤–æ—Ä–∏—à—å—Å—è –Ω–∞–ø—Ä—è–º—É—é —Å —Å–æ–±—Å—Ç–≤–µ–Ω–Ω–∏–∫–∞–º–∏"
11,–¢—Ä–µ–±–æ–≤–∞–Ω–∏—è,"–ü—Ä–∏—Å—ã–ª–∞–π—Ç–µ —Ä–µ–∑—é–º–µ –º–Ω–µ, —è –ø–æ–º–æ–≥—É –¥–∞–ª—å—à–µ @kchumachkov"
0,–ú—É—Å–æ—Ä,–í—Å–µ–º –ø—Ä–∏–≤–µ—Ç!
2,–ù–∞–∑–≤–∞–Ω–∏–µ –≤–∞–∫–∞–Ω—Å–∏–∏,–ò—â–µ–º –≤ –∫–æ–º–∞–Ω–¥—É —á–µ–ª–æ–≤–µ–∫–∞:
13,–ó–∞–Ω—è—Ç–æ—Å—Ç—å,‚Ä¢ –ß–∞—Å—Ç–∏—á–Ω–∞—è –∑–∞–Ω—è—Ç–æ—Å—Ç—å.
7,–ü–æ–∑–∏—Ü–∏—è,‚Ä¢ C++ /  Backend developer
11,–¢—Ä–µ–±–æ–≤–∞–Ω–∏—è,‚Ä¢ –ì–ª—É–±–æ–∫–∏–µ –∑–Ω–∞–Ω–∏—è C++
11,–¢—Ä–µ–±–æ–≤–∞–Ω–∏—è,‚Ä¢ –ú–æ–∂–Ω–æ –±–µ–∑ –∫–æ–º–º–µ—Ä—á–µ—Å–∫–æ–≥–æ –æ–ø—ã—Ç–∞
12,–ó–∞—Ä–ø–ª–∞—Ç–∞,‚Ä¢ –ó–ü:  –æ—Ç $1000 –¥–æ $1500 —á–∏—Å—Ç—ã–º–∏ –∑–∞ 20 —á–∞—Å–æ–≤
17,–£—Å–ª–æ–≤–∏—è —Ä–∞–±–æ—Ç—ã,‚Ä¢ –£–¥–∞–ª–µ–Ω–Ω–∞—è —Ä–∞–±–æ—Ç–∞
11,–¢—Ä–µ–±–æ–≤–∞–Ω–∏—è,–¢—Ä–µ–±–æ–≤–∞–Ω–∏—è:
11,–¢—Ä–µ–±–æ–≤–∞–Ω–∏—è,"Python, C++, SQL"
5,–û–ø–∏—Å–∞–Ω–∏–µ –∫–æ–º–ø–∞–Ω–∏–∏,–ß–µ–º –ø—Ä–µ–¥—Å—Ç–æ–∏—Ç –∑–∞–Ω–∏–º–∞—Ç—å—Å—è:
9,–û–±—è–∑–∞–Ω–Ω–æ—Å—Ç–∏,‚Ä¢ —Ä–∞–∑—Ä–∞–±–æ—Ç–∫–∞ –≤—ã—Å–æ–∫–æ–Ω–∞–≥—Ä—É–∂–µ–Ω–Ω–æ–≥–æ Backend –ø—Ä–∏–ª–æ–∂–µ–Ω–∏—è
